harga_juta,luas_tanah,luas_bangunan,bed,bath,carport
1790.0,120.0,110.0,3.0,3.0,2.0
399.0,102.0,126.0,3.0,2.0,1.0
695.0,100.0,100.0,2.0,2.0,1.0
560.0,109.0,67.0,3.0,1.0,1.0
399.0,80.0,45.0,2.0,1.0,1.0
1470.0,125.0,157.0,5.0,3.0,1.0
560.0,109.0,67.0,3.0,1.0,1.0
2100.0,206.0,280.0,6.0,5.0,2.0
1600.0,290.0,200.0,5.0,4.0,2.0
2400.0,290.0,220.0,3.0,3.0,1.0
875.0,145.0,85.0,3.0,2.0,1.0
570.0,83.0,50.0,2.0,1.0,1.0
399.0,80.0,45.0,2.0,1.0,1.0
750.0,140.0,90.0,4.0,2.0,1.0
1850.0,166.0,200.0,4.0,4.0,2.0
745.0,209.0,180.0,3.0,1.0,2.0
1700.0,169.0,125.0,4.0,3.0,2.0
3800.0,290.0,280.0,4.0,3.0,2.0
455.0,80.0,45.0,2.0,1.0,1.0
1100.0,171.0,150.0,4.0,3.0,2.0
850.0,135.0,80.0,3.0,2.0,1.0
3500.0,290.0,280.0,6.0,5.0,2.0
1300.0,134.0,200.0,3.0,2.0,1.0
3800.0,235.0,280.0,6.0,5.0,2.0
1850.0,135.0,165.0,4.0,3.0,2.0
3800.0,275.0,275.0,3.0,2.0,2.0
3800.0,267.0,280.0,5.0,5.0,2.0
2000.0,196.0,230.0,6.0,5.0,2.0
1400.0,205.0,150.0,3.0,2.0,2.0
765.0,109.0,80.0,3.0,2.0,2.0
2200.0,139.0,125.0,3.0,3.0,1.0
3100.0,146.0,280.0,5.0,3.0,1.0
3800.0,290.0,280.0,4.0,4.0,2.0
3800.0,290.0,280.0,6.0,5.0,2.0
2500.0,128.0,130.0,6.0,4.0,1.0
1950.0,128.0,188.0,3.0,3.0,1.0
3800.0,290.0,280.0,5.0,3.0,2.0
1080.0,147.0,85.0,3.0,2.0,2.0
969.0,102.0,100.0,3.0,3.0,2.0
3800.0,290.0,280.0,6.0,5.0,2.0
3800.0,290.0,280.0,5.0,5.0,2.0
2100.0,139.0,100.0,3.0,3.0,1.0
3200.0,204.0,200.0,5.0,5.0,2.0
2100.0,139.0,100.0,3.0,3.0,1.0
500.0,80.0,90.0,3.0,1.0,1.0
1300.0,156.0,85.0,3.0,2.0,2.0
900.0,111.0,70.0,3.0,2.0,2.0
3400.0,290.0,280.0,6.0,4.0,2.0
3800.0,290.0,280.0,6.0,5.0,2.0
3800.0,290.0,280.0,6.0,5.0,2.0
3800.0,290.0,280.0,6.0,5.0,2.0
2480.0,192.0,135.0,4.0,3.0,1.0
2450.0,187.0,135.0,4.0,3.0,1.0
2650.0,213.0,135.0,4.0,3.0,1.0
2430.0,192.0,135.0,4.0,3.0,1.0
2490.0,200.0,135.0,4.0,3.0,1.0
1200.0,100.0,88.0,3.0,2.0,2.0
1650.0,290.0,150.0,3.0,4.0,2.0
2250.0,100.0,160.0,6.0,5.0,2.0
900.0,120.0,84.0,4.0,2.0,1.0
2350.0,120.0,185.0,4.0,3.0,1.0
1450.0,150.0,95.0,3.0,3.0,1.0
450.0,97.0,45.0,2.0,1.0,2.0
845.0,80.0,65.0,2.0,2.0,2.0
1800.0,134.0,90.0,3.0,2.0,2.0
3500.0,288.0,280.0,4.0,5.0,1.0
399.0,80.0,45.0,2.0,1.0,1.0
1380.0,107.0,100.0,3.0,2.0,1.0
1200.0,128.0,250.0,4.0,5.0,1.0
750.0,80.0,120.0,6.0,2.0,1.0
750.0,166.0,45.0,2.0,1.0,2.0
1650.0,200.0,135.0,3.0,3.0,1.0
900.0,140.0,80.0,3.0,2.0,1.0
499.0,120.0,45.0,2.0,1.0,1.0
1600.0,118.0,140.0,4.0,3.0,2.0
1450.0,100.0,85.0,3.0,2.0,1.0
1500.0,204.0,100.0,4.0,3.0,2.0
1850.0,116.0,115.0,3.0,2.0,2.0
1600.0,126.0,130.0,4.0,4.0,2.0
2500.0,290.0,168.0,3.0,3.0,1.0
2500.0,290.0,168.0,3.0,3.0,1.0
1670.0,162.0,120.0,4.0,2.0,2.0
3800.0,290.0,100.0,4.0,4.0,1.0
3800.0,290.0,280.0,6.0,3.0,2.0
2360.0,182.0,135.0,4.0,3.0,1.0
2460.0,196.0,135.0,4.0,3.0,1.0
2430.0,192.0,135.0,4.0,3.0,1.0
2400.0,187.0,136.0,4.0,3.0,1.0
1590.0,90.0,115.0,3.0,3.0,1.0
576.0,144.0,80.0,3.0,2.0,1.0
2540.0,200.0,135.0,4.0,3.0,1.0
399.0,80.0,95.0,2.0,1.0,1.0
3300.0,110.0,280.0,6.0,5.0,1.0
995.0,109.0,75.0,3.0,2.0,1.0
410.0,112.0,60.0,2.0,1.0,1.0
399.0,80.0,45.0,2.0,1.0,1.0
2400.0,290.0,220.0,4.0,3.0,1.0
1790.0,113.0,175.0,4.0,3.0,1.0
399.0,100.0,45.0,2.0,1.0,1.0
550.0,101.0,55.0,3.0,2.0,1.0
2400.0,121.0,140.0,3.0,2.0,1.0
410.0,80.0,45.0,2.0,1.0,1.0
2900.0,140.0,115.0,3.0,3.0,2.0
650.0,90.0,150.0,4.0,2.0,1.0
775.0,132.0,90.0,2.0,1.0,1.0
1000.0,131.0,115.0,6.0,5.0,2.0
999.0,103.0,100.0,3.0,3.0,1.0
3800.0,290.0,280.0,5.0,5.0,2.0
1200.0,290.0,280.0,4.0,2.0,2.0
695.0,100.0,65.0,2.0,2.0,1.0
675.0,85.0,45.0,2.0,1.0,1.0
3800.0,290.0,150.0,3.0,3.0,2.0
725.0,114.0,71.0,3.0,2.0,2.0
815.0,80.0,50.0,2.0,2.0,1.0
455.0,83.0,45.0,2.0,1.0,1.0
1300.0,126.0,80.0,3.0,1.0,2.0
690.0,80.0,60.0,3.0,2.0,2.0
3800.0,290.0,280.0,4.0,3.0,2.0
2430.0,192.0,135.0,4.0,3.0,1.0
575.0,98.0,115.0,3.0,2.0,1.0
3800.0,290.0,190.0,4.0,4.0,2.0
1850.0,126.0,115.0,3.0,2.0,1.0
580.0,90.0,65.0,3.0,2.0,1.0
3800.0,290.0,150.0,3.0,3.0,2.0
3100.0,225.0,280.0,6.0,4.0,2.0
750.0,166.0,45.0,2.0,1.0,1.0
3800.0,290.0,280.0,6.0,5.0,2.0
799.0,111.0,60.0,3.0,2.0,1.0
799.0,80.0,50.0,3.0,2.0,2.0
3800.0,290.0,280.0,6.0,5.0,2.0
3800.0,235.0,280.0,6.0,5.0,2.0
950.0,90.0,62.0,4.0,4.0,1.0
800.0,101.0,60.0,3.0,2.0,1.0
3800.0,207.0,280.0,6.0,5.0,2.0
1700.0,100.0,200.0,6.0,5.0,2.0
399.0,80.0,45.0,2.0,1.0,1.0
1450.0,110.0,129.0,3.0,3.0,1.0
1300.0,236.0,180.0,6.0,5.0,2.0
3800.0,290.0,150.0,4.0,4.0,1.0
399.0,80.0,45.0,2.0,1.0,1.0
2400.0,175.0,280.0,6.0,5.0,2.0
1880.0,121.0,80.0,3.0,3.0,1.0
2660.0,153.0,160.0,3.0,3.0,2.0
399.0,94.0,45.0,2.0,1.0,1.0
1650.0,125.0,140.0,4.0,3.0,2.0
1990.0,172.0,100.0,3.0,3.0,1.0
1800.0,95.0,150.0,3.0,3.0,2.0
550.0,116.0,60.0,3.0,1.0,1.0
1700.0,151.0,120.0,3.0,4.0,1.0
1100.0,138.0,100.0,3.0,2.0,1.0
2200.0,114.0,150.0,5.0,4.0,2.0
750.0,130.0,60.0,3.0,2.0,2.0
399.0,80.0,45.0,2.0,1.0,1.0
750.0,130.0,60.0,3.0,2.0,2.0
1650.0,125.0,140.0,4.0,3.0,2.0
1520.0,99.0,150.0,4.0,2.0,1.0
399.0,104.0,50.0,2.0,1.0,1.0
850.0,114.0,110.0,3.0,2.0,1.0
2950.0,213.0,185.0,4.0,3.0,1.0
895.0,91.0,76.0,3.0,2.0,2.0
2500.0,290.0,168.0,3.0,3.0,1.0
1200.0,115.0,100.0,3.0,2.0,1.0
1270.0,130.0,100.0,3.0,2.0,1.0
675.0,85.0,45.0,2.0,1.0,1.0
817.0,103.0,76.0,2.0,2.0,1.0
3800.0,235.0,280.0,6.0,5.0,2.0
817.0,103.0,76.0,2.0,2.0,1.0
470.0,147.0,70.0,3.0,3.0,1.0
765.0,101.0,60.0,2.0,1.0,1.0
675.0,84.0,50.0,2.0,1.0,1.0
2200.0,150.0,235.0,4.0,4.0,2.0
725.0,100.0,70.0,3.0,2.0,1.0
800.0,120.0,80.0,3.0,2.0,1.0
884.0,104.0,60.0,4.0,2.0,2.0
3400.0,290.0,200.0,4.0,3.0,1.0
1250.0,125.0,150.0,2.0,2.0,2.0
500.0,80.0,55.0,2.0,2.0,1.0
500.0,108.0,70.0,3.0,2.0,1.0
3800.0,290.0,280.0,6.0,5.0,2.0
690.0,87.0,45.0,2.0,1.0,1.0
875.0,112.0,95.0,3.0,2.0,2.0
756.0,104.0,60.0,3.0,1.0,2.0
3800.0,290.0,280.0,5.0,2.0,2.0
1300.0,290.0,142.0,5.0,5.0,1.0
850.0,80.0,85.0,3.0,2.0,2.0
3800.0,290.0,280.0,6.0,5.0,2.0
1290.0,99.0,105.0,4.0,3.0,1.0
2700.0,267.0,180.0,3.0,2.0,2.0
3800.0,290.0,280.0,5.0,4.0,1.0
1780.0,118.0,160.0,4.0,3.0,2.0
1250.0,105.0,160.0,3.0,3.0,1.0
575.0,108.0,80.0,2.0,1.0,1.0
3800.0,290.0,280.0,6.0,5.0,2.0
775.0,118.0,100.0,2.0,2.0,1.0
575.0,101.0,80.0,3.0,2.0,1.0
785.0,115.0,60.0,3.0,2.0,1.0
2450.0,150.0,200.0,6.0,5.0,2.0
3800.0,290.0,280.0,6.0,5.0,2.0
1850.0,147.0,120.0,4.0,3.0,1.0
3800.0,290.0,280.0,6.0,5.0,2.0
900.0,98.0,100.0,3.0,3.0,1.0
3500.0,203.0,250.0,6.0,5.0,2.0
750.0,130.0,60.0,3.0,2.0,2.0
2200.0,290.0,280.0,5.0,5.0,2.0
2800.0,140.0,195.0,6.0,3.0,2.0
3800.0,290.0,250.0,3.0,2.0,2.0
2800.0,154.0,230.0,4.0,4.0,2.0
1500.0,120.0,90.0,2.0,1.0,1.0
399.0,80.0,45.0,2.0,1.0,1.0
1700.0,162.0,170.0,6.0,5.0,2.0
3800.0,290.0,280.0,6.0,5.0,2.0
3800.0,290.0,280.0,6.0,5.0,1.0
3800.0,290.0,280.0,6.0,5.0,2.0
399.0,80.0,45.0,2.0,1.0,1.0
399.0,80.0,45.0,2.0,1.0,1.0
399.0,80.0,45.0,2.0,1.0,1.0
399.0,80.0,75.0,2.0,1.0,1.0
399.0,80.0,72.0,2.0,1.0,1.0
3100.0,225.0,280.0,6.0,4.0,2.0
399.0,82.0,46.0,2.0,1.0,1.0
2100.0,139.0,100.0,3.0,3.0,1.0
2000.0,105.0,140.0,4.0,2.0,2.0
645.0,93.0,60.0,3.0,1.0,2.0
3800.0,290.0,190.0,4.0,4.0,2.0
1280.0,134.0,85.0,3.0,3.0,2.0
399.0,80.0,45.0,2.0,1.0,1.0
3100.0,225.0,280.0,6.0,4.0,2.0
1780.0,119.0,114.0,3.0,3.0,2.0
598.0,90.0,45.0,2.0,1.0,1.0
645.0,93.0,60.0,3.0,1.0,1.0
3800.0,290.0,190.0,4.0,4.0,2.0
3800.0,290.0,280.0,6.0,5.0,2.0
1820.0,140.0,158.0,3.0,2.0,1.0
2900.0,290.0,200.0,2.0,3.0,2.0
499.0,120.0,45.0,2.0,1.0,1.0
3800.0,290.0,150.0,3.0,3.0,2.0
592.0,91.0,50.0,2.0,1.0,1.0
985.0,125.0,132.0,2.0,2.0,1.0
890.0,85.0,70.0,3.0,2.0,1.0
3800.0,290.0,280.0,6.0,5.0,2.0
3800.0,290.0,252.0,5.0,5.0,1.0
1250.0,130.0,70.0,2.0,1.0,1.0
790.0,80.0,70.0,3.0,2.0,1.0
3800.0,230.0,208.0,5.0,4.0,2.0
399.0,80.0,45.0,2.0,1.0,1.0
600.0,167.0,130.0,3.0,1.0,1.0
3800.0,290.0,280.0,5.0,3.0,2.0
3800.0,199.0,206.0,3.0,3.0,1.0
407.0,80.0,45.0,2.0,1.0,1.0
399.0,80.0,45.0,2.0,1.0,1.0
400.0,90.0,50.0,2.0,1.0,1.0
1450.0,110.0,129.0,3.0,3.0,1.0
1940.0,150.0,110.0,3.0,3.0,2.0
400.0,90.0,50.0,2.0,1.0,1.0
580.0,101.0,70.0,3.0,2.0,1.0
850.0,102.0,65.0,3.0,2.0,1.0
850.0,102.0,65.0,3.0,2.0,1.0
850.0,126.0,126.0,4.0,3.0,1.0
399.0,105.0,70.0,2.0,1.0,1.0
2120.0,120.0,150.0,4.0,4.0,2.0
2120.0,120.0,150.0,4.0,4.0,2.0
808.0,85.0,45.0,3.0,2.0,2.0
690.0,80.0,60.0,3.0,2.0,2.0
675.0,85.0,45.0,2.0,1.0,1.0
1250.0,128.0,200.0,6.0,4.0,1.0
870.0,135.0,80.0,3.0,2.0,1.0
2600.0,150.0,190.0,4.0,3.0,2.0
399.0,80.0,45.0,2.0,1.0,1.0
2300.0,98.0,120.0,6.0,5.0,2.0
1600.0,125.0,125.0,4.0,2.0,1.0
2500.0,290.0,168.0,3.0,3.0,1.0
1600.0,193.0,193.0,4.0,3.0,1.0
3800.0,290.0,280.0,5.0,5.0,2.0
1750.0,187.0,280.0,4.0,4.0,1.0
3500.0,290.0,280.0,4.0,3.0,2.0
3500.0,290.0,280.0,4.0,3.0,2.0
399.0,80.0,74.0,2.0,1.0,1.0
3000.0,262.0,252.0,4.0,2.0,1.0
399.0,80.0,80.0,3.0,2.0,1.0
900.0,133.0,80.0,3.0,2.0,1.0
1300.0,135.0,85.0,3.0,3.0,1.0
399.0,88.0,45.0,2.0,1.0,1.0
1600.0,290.0,280.0,5.0,3.0,2.0
399.0,88.0,45.0,2.0,1.0,1.0
3800.0,290.0,280.0,5.0,4.0,2.0
1750.0,131.0,160.0,3.0,2.0,1.0
3800.0,290.0,177.0,5.0,3.0,2.0
900.0,108.0,60.0,2.0,2.0,1.0
595.0,93.0,60.0,3.0,1.0,1.0
852.0,142.0,200.0,4.0,2.0,1.0
700.0,106.0,70.0,3.0,2.0,1.0
2300.0,98.0,120.0,6.0,5.0,2.0
1290.0,99.0,105.0,4.0,3.0,2.0
399.0,80.0,72.0,2.0,1.0,1.0
1470.0,178.0,131.0,4.0,4.0,2.0
462.0,201.0,100.0,2.0,1.0,2.0
1560.0,209.0,100.0,2.0,1.0,2.0
550.0,82.0,100.0,3.0,2.0,1.0
2500.0,123.0,150.0,3.0,2.0,1.0
495.0,141.0,60.0,3.0,1.0,1.0
475.0,90.0,50.0,2.0,1.0,1.0
3800.0,287.0,200.0,4.0,4.0,2.0
700.0,100.0,90.0,2.0,2.0,1.0
399.0,88.0,45.0,2.0,1.0,1.0
580.0,100.0,80.0,3.0,2.0,1.0
765.0,118.0,75.0,3.0,2.0,1.0
1880.0,150.0,110.0,3.0,2.0,2.0
500.0,97.0,55.0,3.0,1.0,1.0
399.0,80.0,45.0,2.0,1.0,2.0
495.0,107.0,45.0,2.0,1.0,1.0
495.0,107.0,45.0,2.0,1.0,1.0
399.0,80.0,45.0,2.0,1.0,2.0
900.0,140.0,140.0,4.0,2.0,1.0
1950.0,168.0,130.0,3.0,2.0,2.0
897.0,107.0,91.0,3.0,2.0,1.0
730.0,100.0,80.0,3.0,2.0,2.0
513.0,80.0,76.0,2.0,1.0,1.0
1980.0,150.0,110.0,3.0,3.0,2.0
990.0,103.0,100.0,3.0,3.0,1.0
399.0,80.0,45.0,2.0,1.0,2.0
600.0,225.0,225.0,2.0,1.0,1.0
695.0,94.0,64.0,2.0,1.0,1.0
900.0,133.0,80.0,2.0,2.0,1.0
2360.0,182.0,135.0,4.0,3.0,1.0
850.0,106.0,62.0,2.0,2.0,1.0
600.0,123.0,105.0,3.0,2.0,1.0
2600.0,150.0,150.0,5.0,4.0,2.0
1700.0,110.0,114.0,4.0,3.0,2.0
1970.0,135.0,165.0,4.0,3.0,2.0
1750.0,176.0,280.0,6.0,4.0,2.0
1200.0,157.0,120.0,6.0,3.0,1.0
970.0,176.0,90.0,4.0,2.0,1.0
3800.0,290.0,280.0,5.0,5.0,2.0
3800.0,290.0,280.0,4.0,4.0,2.0
1600.0,131.0,200.0,5.0,5.0,1.0
3800.0,290.0,180.0,6.0,5.0,2.0
3800.0,290.0,280.0,6.0,5.0,2.0
675.0,125.0,65.0,3.0,2.0,1.0
675.0,125.0,65.0,3.0,2.0,1.0
795.0,98.0,85.0,3.0,2.0,1.0
580.0,100.0,80.0,3.0,2.0,1.0
580.0,100.0,80.0,3.0,2.0,1.0
2350.0,103.0,255.0,6.0,5.0,2.0
2200.0,250.0,180.0,4.0,2.0,2.0
549.0,90.0,45.0,2.0,1.0,1.0
549.0,90.0,45.0,2.0,1.0,1.0
585.0,100.0,58.0,3.0,2.0,1.0
585.0,100.0,58.0,3.0,2.0,1.0
3800.0,290.0,280.0,6.0,5.0,2.0
500.0,120.0,45.0,2.0,2.0,1.0
500.0,120.0,45.0,2.0,2.0,1.0
1100.0,115.0,205.0,4.0,2.0,1.0
720.0,87.0,80.0,3.0,2.0,1.0
720.0,87.0,80.0,3.0,2.0,1.0
2300.0,160.0,150.0,4.0,3.0,2.0
399.0,100.0,50.0,2.0,2.0,1.0
1350.0,105.0,120.0,3.0,2.0,1.0
1500.0,290.0,250.0,6.0,5.0,2.0
1300.0,161.0,120.0,3.0,2.0,2.0
875.0,85.0,125.0,3.0,2.0,1.0
399.0,80.0,45.0,2.0,1.0,1.0
799.0,119.0,80.0,3.0,1.0,1.0
2200.0,133.0,182.0,6.0,5.0,1.0
1000.0,180.0,120.0,5.0,3.0,2.0
950.0,108.0,100.0,3.0,1.0,1.0
998.0,103.0,100.0,3.0,3.0,1.0
3800.0,290.0,280.0,6.0,4.0,2.0
1300.0,112.0,200.0,5.0,2.0,2.0
1300.0,150.0,200.0,5.0,4.0,2.0
2430.0,192.0,135.0,4.0,3.0,1.0
399.0,121.0,60.0,3.0,2.0,1.0
480.0,98.0,50.0,3.0,1.0,1.0
1000.0,110.0,110.0,6.0,5.0,1.0
1500.0,151.0,161.0,3.0,4.0,2.0
2650.0,213.0,135.0,4.0,3.0,1.0
2950.0,200.0,280.0,6.0,5.0,2.0
399.0,88.0,45.0,2.0,1.0,1.0
2100.0,223.0,200.0,3.0,2.0,1.0
2490.0,200.0,135.0,4.0,3.0,1.0
591.0,84.0,45.0,2.0,1.0,1.0
1350.0,156.0,156.0,5.0,3.0,1.0
650.0,161.0,130.0,5.0,2.0,1.0
571.0,80.0,45.0,2.0,1.0,1.0
1380.0,103.0,100.0,3.0,2.0,1.0
399.0,80.0,45.0,2.0,1.0,1.0
399.0,80.0,45.0,2.0,1.0,1.0
399.0,80.0,45.0,2.0,1.0,1.0
2880.0,207.0,208.0,6.0,5.0,1.0
725.0,130.0,100.0,4.0,2.0,1.0
1350.0,100.0,103.0,3.0,2.0,1.0
520.0,90.0,50.0,2.0,1.0,1.0
3800.0,290.0,280.0,6.0,5.0,2.0
2400.0,187.0,135.0,4.0,3.0,1.0
950.0,175.0,120.0,3.0,2.0,1.0
1480.0,125.0,100.0,3.0,2.0,1.0
2200.0,122.0,190.0,6.0,5.0,2.0
2430.0,192.0,135.0,4.0,3.0,1.0
2460.0,196.0,135.0,4.0,3.0,1.0
2360.0,182.0,135.0,4.0,3.0,1.0
2400.0,187.0,135.0,4.0,3.0,1.0
2650.0,213.0,135.0,4.0,3.0,1.0
1950.0,290.0,280.0,4.0,3.0,1.0
2550.0,175.0,130.0,4.0,4.0,2.0
3800.0,290.0,280.0,6.0,5.0,2.0
700.0,108.0,100.0,2.0,2.0,1.0
556.0,84.0,46.0,2.0,1.0,1.0
725.0,80.0,45.0,2.0,1.0,1.0
2530.0,175.0,130.0,4.0,4.0,2.0
549.0,90.0,45.0,2.0,1.0,1.0
898.0,90.0,65.0,3.0,2.0,1.0
3800.0,290.0,280.0,6.0,5.0,2.0
850.0,96.0,70.0,3.0,1.0,1.0
399.0,115.0,45.0,2.0,1.0,1.0
2970.0,143.0,232.0,5.0,2.0,1.0
1600.0,290.0,200.0,6.0,5.0,1.0
3800.0,290.0,130.0,5.0,3.0,1.0
2900.0,290.0,250.0,5.0,4.0,2.0
2250.0,138.0,151.0,4.0,2.0,2.0
3800.0,290.0,150.0,3.0,3.0,2.0
2540.0,175.0,130.0,4.0,4.0,2.0
950.0,135.0,180.0,3.0,4.0,1.0
2300.0,204.0,178.0,3.0,3.0,2.0
525.0,126.0,45.0,2.0,1.0,1.0
499.0,141.0,56.0,2.0,1.0,1.0
1500.0,218.0,150.0,4.0,2.0,1.0
2110.0,110.0,107.0,3.0,2.0,1.0
3800.0,204.0,142.0,3.0,3.0,2.0
3230.0,153.0,135.0,3.0,3.0,2.0
1250.0,135.0,45.0,2.0,1.0,1.0
575.0,129.0,80.0,3.0,2.0,1.0
900.0,153.0,100.0,3.0,2.0,2.0
1900.0,158.0,120.0,5.0,4.0,2.0
1600.0,290.0,200.0,6.0,5.0,1.0
1380.0,107.0,100.0,3.0,2.0,1.0
1600.0,131.0,200.0,4.0,4.0,1.0
1900.0,166.0,150.0,5.0,5.0,2.0
3800.0,290.0,280.0,6.0,5.0,2.0
3800.0,290.0,280.0,3.0,1.0,2.0
3000.0,229.0,180.0,3.0,3.0,2.0
1100.0,187.0,150.0,3.0,2.0,1.0
399.0,80.0,45.0,2.0,1.0,1.0
3800.0,290.0,190.0,4.0,4.0,2.0
1700.0,118.0,70.0,3.0,2.0,1.0
550.0,94.0,94.0,6.0,3.0,2.0
1950.0,290.0,280.0,4.0,3.0,1.0
1100.0,110.0,70.0,2.0,1.0,1.0
2600.0,290.0,280.0,4.0,4.0,2.0
3800.0,290.0,280.0,6.0,5.0,2.0
1200.0,290.0,200.0,5.0,5.0,1.0
1420.0,144.0,250.0,5.0,4.0,1.0
575.0,100.0,80.0,3.0,2.0,1.0
730.0,100.0,80.0,3.0,2.0,1.0
590.0,98.0,45.0,2.0,1.0,1.0
3600.0,285.0,160.0,6.0,2.0,2.0
1350.0,115.0,190.0,4.0,3.0,1.0
3800.0,290.0,150.0,3.0,3.0,2.0
725.0,87.0,70.0,3.0,2.0,1.0
2150.0,111.0,180.0,4.0,3.0,1.0
1800.0,128.0,200.0,4.0,4.0,1.0
895.0,157.0,69.0,3.0,1.0,1.0
1100.0,213.0,80.0,3.0,2.0,1.0
725.0,96.0,54.0,3.0,2.0,1.0
2500.0,215.0,200.0,4.0,3.0,1.0
1600.0,156.0,140.0,3.0,3.0,1.0
1450.0,110.0,129.0,3.0,3.0,1.0
650.0,101.0,80.0,3.0,2.0,1.0
1600.0,122.0,200.0,3.0,3.0,1.0
2110.0,192.0,135.0,4.0,3.0,2.0
745.0,98.0,70.0,2.0,2.0,1.0
399.0,99.0,45.0,2.0,1.0,1.0
2140.0,196.0,135.0,4.0,3.0,2.0
1600.0,169.0,125.0,4.0,3.0,1.0
1900.0,128.0,188.0,3.0,3.0,1.0
1820.0,140.0,158.0,3.0,2.0,1.0
756.0,108.0,60.0,3.0,1.0,1.0
2200.0,290.0,280.0,4.0,2.0,1.0
2110.0,110.0,107.0,3.0,2.0,1.0
3800.0,204.0,142.0,3.0,3.0,2.0
3230.0,153.0,135.0,3.0,3.0,2.0
1800.0,128.0,110.0,3.0,3.0,2.0
1850.0,290.0,280.0,2.0,2.0,1.0
875.0,100.0,200.0,6.0,2.0,1.0
2040.0,182.0,135.0,4.0,3.0,2.0
1500.0,156.0,120.0,4.0,3.0,1.0
1400.0,174.0,150.0,3.0,2.0,1.0
3800.0,250.0,280.0,6.0,5.0,2.0
2080.0,186.0,135.0,4.0,3.0,2.0
3800.0,219.0,241.0,5.0,3.0,1.0
1600.0,127.0,150.0,4.0,2.0,1.0
3000.0,225.0,280.0,6.0,5.0,1.0
2300.0,140.0,200.0,4.0,4.0,1.0
755.0,101.0,60.0,2.0,1.0,1.0
2000.0,290.0,220.0,5.0,2.0,2.0
1800.0,123.0,240.0,6.0,4.0,2.0
3800.0,290.0,280.0,6.0,5.0,2.0
2800.0,137.0,100.0,6.0,5.0,2.0
950.0,90.0,62.0,4.0,4.0,2.0
3100.0,225.0,280.0,6.0,4.0,1.0
1450.0,110.0,140.0,3.0,2.0,1.0
790.0,80.0,60.0,3.0,2.0,2.0
598.0,90.0,45.0,2.0,1.0,1.0
2200.0,290.0,250.0,6.0,4.0,2.0
675.0,85.0,45.0,2.0,1.0,1.0
990.0,109.0,75.0,2.0,2.0,1.0
950.0,110.0,170.0,5.0,5.0,2.0
690.0,80.0,60.0,3.0,2.0,2.0
808.0,80.0,70.0,3.0,2.0,2.0
800.0,140.0,80.0,3.0,2.0,1.0
3100.0,146.0,280.0,5.0,3.0,1.0
598.0,90.0,45.0,2.0,1.0,1.0
1700.0,135.0,95.0,3.0,2.0,1.0
399.0,80.0,45.0,2.0,1.0,1.0
675.0,85.0,45.0,2.0,1.0,1.0
495.0,141.0,60.0,3.0,1.0,1.0
475.0,101.0,70.0,3.0,2.0,1.0
500.0,97.0,55.0,2.0,1.0,1.0
399.0,88.0,45.0,2.0,1.0,1.0
585.0,111.0,55.0,3.0,1.0,1.0
399.0,88.0,45.0,2.0,1.0,1.0
1000.0,112.0,224.0,6.0,3.0,1.0
585.0,111.0,55.0,3.0,1.0,1.0
590.0,85.0,55.0,2.0,1.0,1.0
775.0,113.0,85.0,3.0,2.0,2.0
1250.0,290.0,280.0,6.0,3.0,2.0
775.0,113.0,85.0,3.0,2.0,2.0
2320.0,213.0,135.0,4.0,3.0,2.0
3800.0,290.0,150.0,3.0,3.0,2.0
790.0,80.0,70.0,3.0,2.0,1.0
1400.0,205.0,80.0,3.0,2.0,2.0
800.0,107.0,165.0,4.0,2.0,1.0
950.0,150.0,90.0,3.0,2.0,1.0
750.0,81.0,70.0,3.0,2.0,2.0
2340.0,184.0,135.0,4.0,3.0,1.0
1700.0,118.0,140.0,3.0,2.0,1.0
2400.0,290.0,220.0,4.0,3.0,1.0
1100.0,187.0,150.0,3.0,2.0,1.0
750.0,81.0,70.0,3.0,2.0,2.0
950.0,90.0,62.0,4.0,4.0,1.0
1700.0,118.0,140.0,3.0,2.0,1.0
1300.0,290.0,200.0,6.0,5.0,1.0
405.0,125.0,95.0,2.0,2.0,1.0
950.0,109.0,75.0,2.0,2.0,1.0
800.0,107.0,165.0,4.0,2.0,1.0
598.0,90.0,45.0,2.0,1.0,1.0
950.0,109.0,75.0,2.0,2.0,1.0
1400.0,205.0,80.0,3.0,2.0,2.0
695.0,100.0,65.0,2.0,2.0,1.0
420.0,123.0,120.0,3.0,1.0,1.0
1290.0,99.0,105.0,4.0,3.0,1.0
399.0,80.0,45.0,2.0,1.0,1.0
399.0,97.0,45.0,2.0,1.0,1.0
399.0,80.0,45.0,2.0,1.0,1.0
800.0,80.0,70.0,3.0,1.0,1.0
695.0,100.0,65.0,2.0,2.0,1.0
399.0,80.0,62.0,2.0,1.0,1.0
1290.0,99.0,105.0,4.0,3.0,1.0
399.0,80.0,45.0,2.0,1.0,1.0
600.0,100.0,70.0,3.0,1.0,1.0
3800.0,289.0,280.0,4.0,3.0,2.0
695.0,100.0,65.0,2.0,2.0,1.0
3800.0,290.0,280.0,6.0,5.0,2.0
2800.0,290.0,225.0,5.0,4.0,1.0
790.0,113.0,70.0,3.0,2.0,1.0
399.0,125.0,45.0,2.0,1.0,1.0
475.0,80.0,55.0,2.0,1.0,1.0
780.0,115.0,60.0,3.0,2.0,1.0
1950.0,168.0,110.0,3.0,2.0,1.0
465.0,132.0,53.0,2.0,1.0,1.0
800.0,107.0,100.0,3.0,2.0,1.0
3800.0,290.0,250.0,4.0,3.0,1.0
750.0,130.0,60.0,3.0,2.0,1.0
2000.0,205.0,200.0,6.0,5.0,2.0
756.0,95.0,57.0,2.0,1.0,2.0
400.0,90.0,50.0,2.0,1.0,1.0
1850.0,116.0,110.0,3.0,2.0,2.0
835.0,102.0,65.0,3.0,2.0,1.0
961.0,107.0,80.0,3.0,3.0,2.0
875.0,107.0,70.0,3.0,2.0,1.0
2790.0,123.0,160.0,3.0,3.0,1.0
1700.0,200.0,190.0,4.0,3.0,2.0
1780.0,160.0,210.0,3.0,3.0,1.0
1550.0,126.0,90.0,3.0,2.0,1.0
2700.0,110.0,160.0,3.0,4.0,2.0
1300.0,135.0,120.0,3.0,2.0,1.0
1200.0,124.0,100.0,3.0,2.0,2.0
399.0,80.0,67.0,2.0,2.0,1.0
399.0,88.0,45.0,2.0,1.0,1.0
850.0,87.0,70.0,3.0,1.0,1.0
1900.0,130.0,130.0,4.0,3.0,1.0
999.0,103.0,100.0,3.0,3.0,2.0
3800.0,290.0,280.0,5.0,4.0,2.0
775.0,145.0,80.0,3.0,2.0,2.0
550.0,108.0,50.0,2.0,1.0,1.0
595.0,82.0,65.0,2.0,1.0,1.0
675.0,99.0,75.0,3.0,2.0,1.0
897.0,107.0,91.0,3.0,2.0,1.0
640.0,91.0,50.0,2.0,1.0,1.0
1100.0,154.0,160.0,4.0,2.0,1.0
3800.0,200.0,170.0,4.0,4.0,2.0
1470.0,178.0,131.0,4.0,3.0,2.0
3800.0,290.0,190.0,4.0,4.0,1.0
1950.0,168.0,130.0,3.0,2.0,1.0
1290.0,207.0,160.0,4.0,2.0,1.0
1490.0,126.0,170.0,5.0,4.0,2.0
2500.0,290.0,168.0,3.0,3.0,1.0
2500.0,290.0,168.0,3.0,3.0,1.0
3800.0,290.0,280.0,6.0,4.0,2.0
399.0,80.0,67.0,2.0,2.0,1.0
550.0,108.0,50.0,2.0,1.0,1.0
1700.0,118.0,70.0,3.0,2.0,1.0
1100.0,112.0,85.0,2.0,2.0,1.0
3500.0,215.0,260.0,6.0,5.0,2.0
1000.0,128.0,90.0,3.0,2.0,1.0
515.0,95.0,45.0,2.0,1.0,1.0
2750.0,150.0,190.0,4.0,5.0,2.0
3490.0,290.0,280.0,5.0,4.0,2.0
730.0,100.0,80.0,3.0,2.0,1.0
850.0,139.0,125.0,6.0,5.0,2.0
1750.0,128.0,97.0,4.0,2.0,1.0
1300.0,96.0,180.0,4.0,3.0,1.0
775.0,136.0,100.0,2.0,1.0,1.0
3000.0,242.0,280.0,6.0,5.0,1.0
3800.0,290.0,280.0,2.0,3.0,2.0
675.0,128.0,100.0,2.0,1.0,1.0
1350.0,204.0,170.0,4.0,3.0,1.0
1970.0,160.0,180.0,5.0,5.0,2.0
850.0,98.0,99.0,3.0,3.0,1.0
399.0,80.0,80.0,3.0,2.0,1.0
1300.0,125.0,150.0,5.0,3.0,1.0
1250.0,105.0,160.0,3.0,2.0,1.0
410.0,80.0,45.0,2.0,1.0,1.0
665.0,114.0,90.0,3.0,2.0,1.0
1200.0,80.0,100.0,3.0,3.0,1.0
2200.0,241.0,280.0,5.0,3.0,2.0
2100.0,154.0,95.0,4.0,3.0,2.0
399.0,83.0,45.0,2.0,1.0,1.0
3000.0,290.0,275.0,5.0,3.0,1.0
665.0,97.0,65.0,3.0,1.0,2.0
615.0,102.0,60.0,4.0,2.0,1.0
575.0,104.0,80.0,3.0,2.0,1.0
2000.0,221.0,280.0,6.0,5.0,1.0
2000.0,125.0,169.0,3.0,3.0,1.0
1650.0,290.0,270.0,2.0,2.0,2.0
1650.0,125.0,185.0,4.0,3.0,1.0
1400.0,133.0,105.0,3.0,2.0,1.0
1300.0,174.0,200.0,3.0,2.0,2.0
3600.0,290.0,280.0,5.0,5.0,2.0
1650.0,135.0,115.0,2.0,2.0,2.0
1790.0,119.0,160.0,4.0,3.0,2.0
2700.0,97.0,185.0,6.0,5.0,2.0
1700.0,118.0,70.0,3.0,2.0,1.0
1990.0,194.0,280.0,4.0,4.0,1.0
1300.0,131.0,78.0,3.0,2.0,1.0
2170.0,200.0,135.0,4.0,3.0,2.0
900.0,204.0,100.0,4.0,2.0,2.0
1790.0,119.0,160.0,4.0,3.0,2.0
1470.0,146.0,146.0,4.0,3.0,1.0
685.0,120.0,77.0,3.0,2.0,2.0
1850.0,116.0,115.0,3.0,2.0,2.0
2300.0,126.0,130.0,3.0,3.0,2.0
2750.0,150.0,190.0,4.0,4.0,2.0
800.0,107.0,165.0,4.0,2.0,1.0
825.0,102.0,120.0,3.0,2.0,1.0
825.0,125.0,79.0,3.0,2.0,1.0
1250.0,135.0,77.0,3.0,2.0,1.0
1800.0,112.0,152.0,3.0,2.0,1.0
950.0,80.0,80.0,2.0,1.0,1.0
1100.0,213.0,80.0,3.0,2.0,2.0
1700.0,111.0,180.0,4.0,5.0,1.0
640.0,95.0,50.0,2.0,1.0,1.0
2050.0,160.0,215.0,4.0,4.0,2.0
1950.0,170.0,130.0,3.0,2.0,1.0
399.0,80.0,45.0,2.0,1.0,1.0
1800.0,217.0,250.0,6.0,5.0,2.0
525.0,112.0,75.0,3.0,1.0,1.0
925.0,101.0,65.0,2.0,1.0,1.0
520.0,90.0,50.0,2.0,1.0,1.0
650.0,126.0,80.0,3.0,2.0,1.0
1900.0,110.0,170.0,4.0,4.0,1.0
3800.0,290.0,280.0,6.0,5.0,1.0
575.0,80.0,120.0,3.0,3.0,1.0
975.0,128.0,100.0,3.0,2.0,1.0
435.0,101.0,45.0,2.0,1.0,1.0
550.0,123.0,62.0,3.0,2.0,1.0
399.0,80.0,45.0,2.0,1.0,1.0
3800.0,290.0,161.0,5.0,2.0,2.0
475.0,93.0,60.0,3.0,1.0,1.0
580.0,80.0,45.0,2.0,1.0,1.0
975.0,121.0,80.0,3.0,2.0,1.0
675.0,85.0,45.0,2.0,1.0,1.0
765.0,118.0,80.0,3.0,2.0,1.0
3800.0,290.0,150.0,3.0,3.0,2.0
890.0,85.0,70.0,3.0,2.0,1.0
675.0,121.0,45.0,2.0,1.0,1.0
3800.0,290.0,250.0,6.0,4.0,2.0
2350.0,213.0,147.0,3.0,2.0,1.0
2350.0,184.0,160.0,4.0,3.0,2.0
999.0,103.0,100.0,3.0,4.0,1.0
2500.0,290.0,200.0,4.0,3.0,2.0
399.0,104.0,50.0,2.0,1.0,1.0
730.0,100.0,80.0,3.0,2.0,1.0
1300.0,134.0,120.0,3.0,2.0,1.0
1500.0,148.0,120.0,3.0,2.0,1.0
1350.0,271.0,120.0,6.0,3.0,1.0
1250.0,200.0,120.0,3.0,2.0,1.0
1500.0,158.0,220.0,5.0,3.0,1.0
1100.0,160.0,120.0,3.0,2.0,1.0
592.0,104.0,50.0,2.0,1.0,1.0
2650.0,189.0,210.0,4.0,3.0,1.0
720.0,126.0,58.0,2.0,1.0,1.0
3800.0,290.0,120.0,4.0,3.0,2.0
1900.0,166.0,150.0,5.0,5.0,2.0
3800.0,290.0,280.0,6.0,3.0,2.0
500.0,88.0,55.0,2.0,1.0,1.0
1850.0,102.0,138.0,3.0,3.0,2.0
2750.0,290.0,150.0,2.0,3.0,2.0
3500.0,290.0,280.0,6.0,3.0,1.0
2000.0,167.0,130.0,3.0,2.0,1.0
695.0,88.0,80.0,3.0,2.0,1.0
3800.0,290.0,280.0,6.0,3.0,2.0
725.0,114.0,71.0,3.0,2.0,1.0
450.0,80.0,45.0,2.0,1.0,1.0
3300.0,254.0,200.0,5.0,5.0,1.0
3800.0,290.0,280.0,5.0,5.0,2.0
520.0,90.0,50.0,2.0,1.0,1.0
1500.0,185.0,220.0,5.0,3.0,2.0
3800.0,290.0,280.0,6.0,5.0,1.0
670.0,136.0,80.0,3.0,2.0,1.0
950.0,100.0,190.0,6.0,3.0,1.0
980.0,100.0,150.0,6.0,5.0,1.0
1950.0,249.0,250.0,6.0,5.0,2.0
1950.0,150.0,160.0,6.0,5.0,2.0
1400.0,150.0,280.0,6.0,5.0,1.0
450.0,82.0,50.0,2.0,1.0,1.0
2300.0,290.0,280.0,6.0,5.0,2.0
3800.0,251.0,280.0,6.0,5.0,2.0
1450.0,150.0,120.0,6.0,5.0,2.0
450.0,82.0,50.0,2.0,1.0,1.0
3800.0,290.0,280.0,6.0,5.0,2.0
2390.0,110.0,70.0,3.0,3.0,2.0
3500.0,195.0,280.0,6.0,5.0,1.0
3600.0,119.0,255.0,6.0,5.0,2.0
3800.0,290.0,280.0,6.0,5.0,2.0
1720.0,96.0,75.0,3.0,2.0,2.0
2500.0,290.0,280.0,6.0,5.0,2.0
900.0,170.0,180.0,6.0,5.0,2.0
3800.0,210.0,250.0,6.0,5.0,2.0
950.0,120.0,120.0,3.0,2.0,1.0
2800.0,129.0,163.0,3.0,2.0,1.0
790.0,80.0,70.0,3.0,2.0,1.0
1600.0,290.0,200.0,6.0,5.0,1.0
3800.0,288.0,280.0,6.0,5.0,2.0
399.0,80.0,45.0,2.0,1.0,1.0
1600.0,290.0,280.0,6.0,5.0,2.0
675.0,85.0,45.0,2.0,1.0,1.0
1800.0,100.0,118.0,3.0,3.0,2.0
850.0,125.0,52.0,2.0,1.0,1.0
499.0,120.0,45.0,2.0,1.0,1.0
533.0,127.0,45.0,2.0,1.0,1.0
890.0,85.0,70.0,3.0,2.0,1.0
910.0,106.0,160.0,4.0,2.0,1.0
2500.0,170.0,125.0,3.0,3.0,1.0
2750.0,226.0,166.0,5.0,5.0,2.0
2200.0,150.0,170.0,5.0,4.0,1.0
3200.0,186.0,200.0,4.0,2.0,1.0
3000.0,216.0,200.0,4.0,3.0,1.0
2800.0,144.0,252.0,6.0,5.0,1.0
2250.0,217.0,280.0,5.0,4.0,2.0
2360.0,182.0,135.0,4.0,3.0,2.0
2350.0,184.0,160.0,4.0,3.0,2.0
475.0,85.0,47.0,3.0,1.0,1.0
399.0,80.0,72.0,2.0,1.0,1.0
399.0,80.0,45.0,2.0,1.0,2.0
949.0,90.0,62.0,4.0,4.0,1.0
2000.0,290.0,210.0,6.0,4.0,1.0
2000.0,210.0,225.0,3.0,2.0,1.0
2000.0,134.0,162.0,4.0,3.0,1.0
2000.0,158.0,200.0,4.0,3.0,1.0
2000.0,288.0,243.0,6.0,5.0,1.0
1700.0,223.0,100.0,3.0,1.0,2.0
1750.0,163.0,220.0,4.0,3.0,1.0
1700.0,110.0,100.0,4.0,3.0,1.0
1600.0,104.0,160.0,3.0,2.0,1.0
1800.0,164.0,120.0,3.0,2.0,1.0
999.0,103.0,100.0,3.0,3.0,1.0
725.0,114.0,71.0,3.0,2.0,1.0
999.0,103.0,100.0,3.0,3.0,1.0
1600.0,146.0,120.0,3.0,3.0,1.0
750.0,102.0,70.0,3.0,2.0,1.0
999.0,103.0,100.0,3.0,3.0,1.0
725.0,114.0,71.0,3.0,2.0,2.0
999.0,103.0,100.0,4.0,4.0,1.0
1300.0,290.0,142.0,2.0,1.0,1.0
1300.0,290.0,142.0,5.0,5.0,1.0
1480.0,93.0,50.0,2.0,1.0,1.0
3800.0,290.0,280.0,6.0,5.0,2.0
950.0,115.0,75.0,3.0,2.0,2.0
1500.0,112.0,80.0,3.0,2.0,1.0
690.0,138.0,138.0,3.0,1.0,1.0
1900.0,143.0,187.0,3.0,2.0,2.0
2400.0,123.0,170.0,5.0,5.0,2.0
399.0,80.0,45.0,2.0,1.0,1.0
399.0,80.0,45.0,2.0,1.0,1.0
1700.0,290.0,280.0,6.0,3.0,1.0
1100.0,112.0,103.0,3.0,3.0,1.0
1950.0,188.0,128.0,3.0,3.0,1.0
690.0,138.0,138.0,3.0,1.0,1.0
890.0,107.0,90.0,3.0,2.0,1.0
610.0,90.0,55.0,2.0,1.0,1.0
1950.0,128.0,188.0,3.0,2.0,1.0
615.0,167.0,130.0,3.0,1.0,1.0
3100.0,223.0,250.0,6.0,5.0,2.0
785.0,96.0,65.0,2.0,2.0,1.0
400.0,80.0,45.0,2.0,1.0,1.0
610.0,90.0,55.0,2.0,1.0,1.0
2800.0,105.0,138.0,3.0,3.0,2.0
3800.0,193.0,280.0,4.0,4.0,1.0
3200.0,143.0,180.0,4.0,3.0,1.0
1100.0,160.0,150.0,3.0,2.0,1.0
399.0,80.0,45.0,2.0,1.0,1.0
1400.0,174.0,150.0,3.0,2.0,1.0
435.0,101.0,45.0,2.0,1.0,1.0
399.0,99.0,45.0,2.0,1.0,1.0
725.0,87.0,80.0,3.0,2.0,1.0
961.0,107.0,80.0,3.0,3.0,2.0
750.0,111.0,76.0,2.0,1.0,1.0
3800.0,290.0,262.0,6.0,4.0,2.0
3800.0,290.0,280.0,4.0,2.0,1.0
560.0,104.0,75.0,2.0,2.0,1.0
665.0,125.0,60.0,3.0,2.0,1.0
3800.0,289.0,280.0,4.0,3.0,2.0
1400.0,205.0,80.0,3.0,2.0,2.0
680.0,80.0,48.0,2.0,1.0,1.0
595.0,90.0,60.0,3.0,1.0,1.0
1500.0,150.0,145.0,3.0,3.0,1.0
750.0,130.0,60.0,3.0,2.0,1.0
664.0,166.0,100.0,5.0,3.0,1.0
1690.0,150.0,121.0,3.0,3.0,2.0
2540.0,175.0,130.0,4.0,4.0,2.0
750.0,103.0,61.0,3.0,1.0,1.0
475.0,104.0,60.0,2.0,1.0,1.0
3800.0,290.0,280.0,6.0,5.0,2.0
2300.0,126.0,130.0,3.0,3.0,2.0
399.0,88.0,45.0,2.0,1.0,1.0
2500.0,290.0,280.0,4.0,4.0,2.0
2400.0,187.0,135.0,4.0,3.0,1.0
3100.0,120.0,213.0,3.0,3.0,1.0
2360.0,182.0,135.0,4.0,3.0,1.0
910.0,106.0,160.0,4.0,2.0,1.0
2480.0,196.0,136.0,4.0,3.0,1.0
2540.0,200.0,135.0,4.0,3.0,1.0
2400.0,187.0,135.0,4.0,3.0,1.0
2460.0,196.0,135.0,4.0,3.0,1.0
2430.0,192.0,135.0,4.0,3.0,1.0
3800.0,290.0,280.0,6.0,5.0,2.0
3800.0,180.0,220.0,5.0,4.0,1.0
3800.0,290.0,280.0,6.0,5.0,2.0
2500.0,290.0,200.0,6.0,3.0,1.0
2400.0,238.0,75.0,3.0,2.0,1.0
1900.0,250.0,210.0,5.0,1.0,1.0
1300.0,134.0,80.0,2.0,2.0,1.0
1300.0,144.0,200.0,4.0,3.0,1.0
850.0,105.0,50.0,2.0,1.0,1.0
399.0,88.0,45.0,2.0,1.0,1.0
1780.0,118.0,160.0,4.0,3.0,1.0
399.0,88.0,45.0,2.0,1.0,1.0
499.0,141.0,56.0,2.0,1.0,1.0
660.0,96.0,45.0,2.0,1.0,1.0
750.0,120.0,60.0,3.0,2.0,1.0
399.0,80.0,45.0,2.0,1.0,1.0
1450.0,100.0,100.0,3.0,3.0,1.0
750.0,125.0,78.0,3.0,2.0,1.0
399.0,80.0,45.0,2.0,1.0,1.0
593.0,80.0,50.0,2.0,1.0,1.0
1870.0,150.0,110.0,3.0,2.0,2.0
1490.0,115.0,156.0,5.0,3.0,1.0
2600.0,190.0,120.0,4.0,3.0,1.0
875.0,99.0,70.0,3.0,1.0,1.0
399.0,88.0,45.0,2.0,1.0,1.0
580.0,80.0,45.0,2.0,1.0,1.0
2600.0,200.0,190.0,3.0,2.0,1.0
3200.0,252.0,280.0,6.0,5.0,2.0
1480.0,125.0,100.0,3.0,2.0,1.0
690.0,80.0,60.0,3.0,2.0,2.0
1820.0,140.0,158.0,3.0,2.0,1.0
730.0,100.0,85.0,3.0,2.0,1.0
808.0,80.0,70.0,3.0,2.0,2.0
675.0,85.0,45.0,2.0,1.0,2.0
2250.0,230.0,190.0,6.0,5.0,2.0
690.0,80.0,60.0,3.0,2.0,2.0
750.0,80.0,103.0,3.0,1.0,1.0
850.0,90.0,70.0,2.0,1.0,1.0
1800.0,168.0,140.0,4.0,2.0,1.0
3500.0,280.0,80.0,4.0,2.0,1.0
1100.0,149.0,70.0,2.0,1.0,2.0
3500.0,119.0,255.0,6.0,5.0,1.0
1780.0,118.0,160.0,4.0,3.0,1.0
1780.0,118.0,160.0,4.0,3.0,1.0
850.0,107.0,80.0,3.0,2.0,1.0
2530.0,175.0,130.0,4.0,3.0,2.0
399.0,80.0,72.0,2.0,1.0,1.0
1450.0,125.0,100.0,4.0,3.0,2.0
1340.0,103.0,100.0,3.0,2.0,2.0
399.0,80.0,72.0,2.0,1.0,1.0
2560.0,179.0,130.0,5.0,4.0,2.0
1380.0,107.0,100.0,3.0,2.0,1.0
1700.0,118.0,70.0,3.0,2.0,1.0
1650.0,130.0,130.0,3.0,3.0,1.0
520.0,90.0,50.0,2.0,1.0,1.0
1290.0,99.0,105.0,4.0,3.0,1.0
1290.0,99.0,105.0,4.0,3.0,1.0
645.0,93.0,60.0,3.0,1.0,1.0
645.0,93.0,60.0,3.0,1.0,1.0
399.0,80.0,45.0,2.0,1.0,1.0
1450.0,110.0,129.0,3.0,3.0,1.0
3500.0,215.0,260.0,6.0,5.0,1.0
1820.0,140.0,158.0,3.0,2.0,1.0
1290.0,99.0,105.0,4.0,3.0,1.0
1290.0,99.0,105.0,4.0,3.0,1.0
1290.0,99.0,105.0,4.0,3.0,1.0
1290.0,99.0,105.0,4.0,3.0,1.0
3800.0,193.0,280.0,4.0,4.0,1.0
592.0,104.0,50.0,2.0,1.0,1.0
2360.0,182.0,135.0,4.0,3.0,1.0
2700.0,213.0,135.0,4.0,3.0,1.0
1450.0,110.0,129.0,3.0,3.0,1.0
775.0,145.0,70.0,3.0,2.0,1.0
520.0,90.0,50.0,2.0,1.0,1.0
685.0,120.0,75.0,3.0,2.0,2.0
1850.0,290.0,123.0,2.0,2.0,1.0
3200.0,225.0,155.0,5.0,4.0,2.0
775.0,145.0,70.0,3.0,2.0,1.0
775.0,145.0,70.0,3.0,2.0,1.0
775.0,145.0,70.0,3.0,2.0,2.0
775.0,145.0,70.0,3.0,2.0,1.0
999.0,103.0,100.0,3.0,3.0,1.0
750.0,114.0,80.0,3.0,2.0,2.0
399.0,80.0,45.0,2.0,1.0,1.0
399.0,80.0,45.0,2.0,1.0,1.0
399.0,80.0,45.0,2.0,1.0,1.0
725.0,87.0,80.0,3.0,2.0,1.0
3800.0,290.0,280.0,6.0,5.0,2.0
399.0,80.0,45.0,2.0,1.0,1.0
399.0,80.0,45.0,2.0,1.0,1.0
399.0,80.0,45.0,2.0,1.0,1.0
2430.0,196.0,135.0,4.0,3.0,1.0
2450.0,187.0,135.0,4.0,3.0,1.0
399.0,88.0,45.0,2.0,1.0,1.0
2900.0,189.0,220.0,4.0,3.0,2.0
1450.0,105.0,90.0,3.0,3.0,2.0
1250.0,161.0,90.0,3.0,2.0,2.0
399.0,80.0,45.0,2.0,1.0,1.0
699.0,120.0,75.0,3.0,2.0,1.0
699.0,120.0,75.0,3.0,2.0,1.0
699.0,120.0,75.0,3.0,2.0,2.0
585.0,111.0,55.0,3.0,1.0,1.0
399.0,80.0,45.0,2.0,1.0,2.0
399.0,80.0,45.0,2.0,1.0,1.0
3800.0,267.0,280.0,5.0,5.0,2.0
399.0,94.0,45.0,2.0,1.0,1.0
3800.0,290.0,280.0,6.0,5.0,2.0
2250.0,183.0,135.0,4.0,3.0,2.0
735.0,105.0,70.0,3.0,2.0,1.0
399.0,80.0,45.0,2.0,1.0,1.0
399.0,80.0,72.0,2.0,1.0,1.0
705.0,120.0,75.0,3.0,2.0,1.0
3800.0,280.0,185.0,4.0,3.0,1.0
1290.0,99.0,105.0,4.0,3.0,2.0
399.0,80.0,45.0,2.0,1.0,1.0
775.0,145.0,75.0,3.0,2.0,2.0
1350.0,106.0,90.0,3.0,3.0,1.0
425.0,107.0,55.0,2.0,1.0,1.0
425.0,107.0,55.0,2.0,2.0,1.0
425.0,107.0,55.0,2.0,2.0,1.0
3800.0,290.0,280.0,6.0,3.0,2.0
1370.0,183.0,168.0,4.0,3.0,2.0
3800.0,200.0,145.0,3.0,3.0,2.0
399.0,88.0,45.0,2.0,1.0,1.0
689.0,120.0,77.0,3.0,2.0,2.0
2000.0,125.0,169.0,3.0,3.0,1.0
1500.0,125.0,200.0,3.0,3.0,1.0
450.0,83.0,50.0,2.0,1.0,1.0
425.0,107.0,55.0,2.0,2.0,1.0
2680.0,127.0,100.0,4.0,4.0,1.0
575.0,100.0,70.0,3.0,1.0,1.0
1800.0,290.0,140.0,4.0,5.0,2.0
435.0,90.0,45.0,2.0,1.0,1.0
3800.0,223.0,280.0,6.0,5.0,1.0
399.0,100.0,45.0,2.0,1.0,1.0
2660.0,290.0,280.0,6.0,3.0,1.0
410.0,80.0,45.0,2.0,1.0,1.0
2160.0,290.0,210.0,6.0,4.0,1.0
399.0,80.0,45.0,2.0,1.0,1.0
399.0,88.0,45.0,2.0,1.0,1.0
757.0,95.0,57.0,2.0,1.0,1.0
2500.0,247.0,172.0,3.0,3.0,1.0
425.0,107.0,55.0,2.0,2.0,1.0
897.0,107.0,91.0,3.0,2.0,1.0
850.0,98.0,105.0,2.0,2.0,1.0
930.0,211.0,180.0,4.0,5.0,1.0
650.0,98.0,75.0,3.0,2.0,1.0
760.0,132.0,90.0,4.0,2.0,1.0
1800.0,120.0,84.0,3.0,2.0,1.0
985.0,125.0,132.0,2.0,2.0,1.0
875.0,133.0,83.0,3.0,2.0,1.0
595.0,91.0,50.0,2.0,1.0,1.0
800.0,107.0,165.0,4.0,2.0,1.0
800.0,107.0,165.0,4.0,2.0,1.0
550.0,94.0,94.0,6.0,3.0,1.0
3800.0,290.0,280.0,4.0,3.0,2.0
550.0,94.0,94.0,6.0,3.0,1.0
2900.0,140.0,280.0,6.0,5.0,1.0
399.0,80.0,45.0,2.0,1.0,1.0
1500.0,144.0,250.0,5.0,4.0,1.0
899.0,100.0,98.0,3.0,4.0,1.0
630.0,104.0,64.0,3.0,2.0,1.0
2700.0,290.0,280.0,2.0,4.0,2.0
900.0,98.0,100.0,3.0,4.0,1.0
454.0,112.0,45.0,2.0,1.0,2.0
1940.0,102.0,138.0,3.0,3.0,2.0
399.0,80.0,45.0,2.0,1.0,2.0
1450.0,105.0,90.0,3.0,3.0,2.0
450.0,82.0,50.0,2.0,1.0,1.0
430.0,80.0,45.0,2.0,1.0,2.0
3800.0,235.0,280.0,6.0,5.0,2.0
585.0,111.0,55.0,3.0,1.0,2.0
3800.0,193.0,280.0,4.0,4.0,2.0
3500.0,215.0,260.0,6.0,5.0,2.0
1790.0,108.0,110.0,3.0,2.0,1.0
665.0,120.0,60.0,3.0,2.0,1.0
900.0,128.0,120.0,3.0,2.0,1.0
1780.0,118.0,160.0,4.0,3.0,2.0
500.0,104.0,80.0,3.0,2.0,1.0
580.0,98.0,45.0,2.0,1.0,2.0
1080.0,85.0,98.0,3.0,3.0,2.0
399.0,80.0,45.0,2.0,1.0,2.0
1700.0,200.0,190.0,4.0,3.0,1.0
890.0,142.0,110.0,5.0,2.0,2.0
890.0,142.0,110.0,5.0,2.0,1.0
760.0,132.0,90.0,4.0,2.0,1.0
760.0,132.0,90.0,4.0,2.0,1.0
699.0,120.0,75.0,3.0,2.0,1.0
699.0,120.0,75.0,3.0,2.0,1.0
945.0,145.0,85.0,3.0,2.0,1.0
945.0,145.0,85.0,3.0,2.0,2.0
675.0,125.0,65.0,3.0,2.0,1.0
675.0,125.0,65.0,3.0,2.0,1.0
550.0,116.0,85.0,4.0,2.0,1.0
2500.0,169.0,200.0,4.0,3.0,2.0
2200.0,255.0,280.0,5.0,2.0,2.0
875.0,139.0,120.0,4.0,2.0,2.0
1250.0,90.0,170.0,5.0,5.0,1.0
525.0,112.0,75.0,3.0,1.0,1.0
3800.0,203.0,280.0,5.0,3.0,2.0
1750.0,290.0,250.0,5.0,5.0,1.0
550.0,94.0,94.0,6.0,3.0,1.0
1200.0,101.0,280.0,3.0,3.0,2.0
3800.0,290.0,280.0,6.0,5.0,2.0
850.0,99.0,70.0,3.0,1.0,1.0
1290.0,100.0,115.0,3.0,2.0,1.0
750.0,114.0,83.0,4.0,2.0,1.0
575.0,100.0,80.0,3.0,2.0,1.0
799.0,110.0,150.0,4.0,2.0,1.0
590.0,88.0,110.0,3.0,2.0,1.0
495.0,80.0,72.0,2.0,1.0,1.0
399.0,120.0,80.0,3.0,2.0,1.0
495.0,80.0,168.0,3.0,1.0,1.0
399.0,80.0,45.0,2.0,1.0,1.0
399.0,80.0,45.0,2.0,1.0,1.0
529.0,110.0,52.0,2.0,1.0,2.0
789.0,80.0,70.0,3.0,2.0,1.0
550.0,104.0,45.0,2.0,1.0,1.0
2600.0,150.0,190.0,4.0,5.0,2.0
2100.0,200.0,125.0,4.0,3.0,2.0
810.0,106.0,106.0,3.0,2.0,1.0
1650.0,230.0,67.0,3.0,3.0,2.0
650.0,114.0,58.0,3.0,1.0,1.0
1940.0,102.0,138.0,3.0,3.0,2.0
690.0,97.0,70.0,3.0,2.0,1.0
565.0,152.0,70.0,3.0,1.0,1.0
1400.0,134.0,200.0,3.0,2.0,1.0
700.0,108.0,85.0,3.0,1.0,1.0
1400.0,121.0,120.0,2.0,1.0,1.0
650.0,84.0,89.0,2.0,1.0,1.0
2250.0,290.0,277.0,5.0,2.0,2.0
890.0,85.0,70.0,3.0,2.0,1.0
2430.0,192.0,135.0,4.0,3.0,1.0
2400.0,187.0,135.0,4.0,3.0,1.0
2490.0,200.0,135.0,4.0,3.0,1.0
550.0,92.0,92.0,6.0,3.0,1.0
2650.0,213.0,135.0,4.0,3.0,1.0
675.0,85.0,45.0,2.0,1.0,1.0
399.0,88.0,45.0,2.0,1.0,1.0
954.0,115.0,50.0,2.0,1.0,1.0
835.0,102.0,65.0,3.0,2.0,1.0
399.0,101.0,45.0,2.0,1.0,2.0
1300.0,290.0,250.0,3.0,3.0,1.0
1200.0,90.0,107.0,3.0,3.0,1.0
1650.0,154.0,110.0,3.0,2.0,2.0
399.0,80.0,45.0,2.0,1.0,1.0
1850.0,116.0,115.0,3.0,2.0,2.0
550.0,94.0,94.0,6.0,3.0,1.0
399.0,80.0,50.0,2.0,1.0,1.0
475.0,80.0,45.0,2.0,1.0,1.0
650.0,85.0,48.0,2.0,1.0,1.0
455.0,80.0,83.0,2.0,1.0,1.0
795.0,141.0,130.0,3.0,2.0,2.0
3800.0,290.0,200.0,6.0,5.0,2.0
1290.0,99.0,105.0,4.0,3.0,1.0
1300.0,80.0,130.0,3.0,3.0,1.0
2130.0,111.0,107.0,3.0,2.0,1.0
3800.0,260.0,142.0,3.0,3.0,2.0
3370.0,166.0,135.0,3.0,3.0,2.0
2390.0,110.0,70.0,4.0,4.0,2.0
685.0,100.0,70.0,3.0,2.0,1.0
3300.0,148.0,135.0,3.0,2.0,2.0
1290.0,99.0,105.0,4.0,3.0,1.0
885.0,142.0,110.0,4.0,2.0,2.0
1720.0,93.0,75.0,3.0,2.0,2.0
399.0,80.0,45.0,2.0,1.0,1.0
675.0,85.0,45.0,2.0,1.0,1.0
399.0,80.0,45.0,2.0,1.0,2.0
885.0,142.0,110.0,4.0,2.0,2.0
399.0,80.0,45.0,2.0,2.0,1.0
399.0,80.0,45.0,2.0,1.0,1.0
399.0,84.0,84.0,3.0,2.0,1.0
790.0,80.0,60.0,3.0,2.0,2.0
549.0,90.0,45.0,2.0,1.0,1.0
585.0,80.0,55.0,2.0,1.0,1.0
1700.0,96.0,70.0,3.0,3.0,1.0
1500.0,115.0,156.0,5.0,3.0,2.0
399.0,100.0,100.0,2.0,1.0,1.0
3800.0,290.0,280.0,2.0,2.0,2.0
399.0,103.0,50.0,2.0,1.0,2.0
2970.0,210.0,250.0,6.0,5.0,2.0
598.0,90.0,45.0,2.0,1.0,1.0
675.0,85.0,45.0,2.0,1.0,1.0
1450.0,80.0,84.0,2.0,2.0,2.0
480.0,98.0,50.0,3.0,1.0,2.0
1950.0,128.0,188.0,3.0,3.0,1.0
2200.0,139.0,125.0,3.0,3.0,2.0
690.0,80.0,60.0,3.0,2.0,2.0
1800.0,150.0,110.0,3.0,2.0,2.0
850.0,100.0,80.0,3.0,2.0,1.0
3800.0,210.0,280.0,4.0,3.0,1.0
556.0,84.0,46.0,2.0,1.0,1.0
1820.0,110.0,129.0,3.0,3.0,1.0
1300.0,290.0,142.0,5.0,5.0,1.0
1390.0,103.0,90.0,3.0,2.0,1.0
435.0,90.0,45.0,2.0,1.0,1.0
1350.0,103.0,100.0,3.0,2.0,1.0
1350.0,103.0,100.0,3.0,2.0,1.0
495.0,168.0,50.0,3.0,1.0,2.0
1350.0,103.0,100.0,3.0,2.0,1.0
399.0,80.0,45.0,2.0,1.0,1.0
1450.0,92.0,97.0,3.0,2.0,1.0
2230.0,186.0,125.0,4.0,3.0,1.0
2190.0,182.0,125.0,4.0,3.0,1.0
2290.0,196.0,125.0,4.0,3.0,1.0
2260.0,192.0,125.0,4.0,3.0,1.0
2320.0,200.0,125.0,4.0,3.0,1.0
3080.0,179.0,211.0,6.0,5.0,1.0
1650.0,230.0,67.0,3.0,3.0,2.0
1650.0,230.0,67.0,3.0,3.0,2.0
750.0,118.0,90.0,2.0,2.0,1.0
399.0,80.0,45.0,2.0,1.0,1.0
399.0,80.0,45.0,2.0,1.0,2.0
399.0,80.0,45.0,2.0,1.0,2.0
399.0,80.0,45.0,2.0,1.0,1.0
1820.0,140.0,158.0,3.0,2.0,1.0
1480.0,125.0,100.0,3.0,2.0,2.0
1820.0,140.0,158.0,3.0,2.0,1.0
3800.0,290.0,280.0,6.0,4.0,2.0
1400.0,290.0,140.0,4.0,4.0,2.0
2250.0,183.0,135.0,4.0,3.0,2.0
399.0,104.0,50.0,2.0,1.0,1.0
3700.0,290.0,250.0,6.0,3.0,1.0
3700.0,290.0,250.0,6.0,3.0,1.0
1290.0,99.0,105.0,4.0,3.0,1.0
411.0,85.0,45.0,2.0,1.0,1.0
399.0,80.0,45.0,2.0,1.0,1.0
850.0,80.0,70.0,3.0,3.0,2.0
870.0,89.0,76.0,3.0,2.0,1.0
592.0,104.0,50.0,2.0,1.0,1.0
399.0,80.0,45.0,2.0,1.0,1.0
399.0,81.0,45.0,2.0,1.0,1.0
399.0,80.0,50.0,2.0,1.0,1.0
1600.0,109.0,190.0,4.0,2.0,1.0
1940.0,138.0,102.0,3.0,3.0,1.0
399.0,88.0,45.0,2.0,1.0,1.0
595.0,93.0,60.0,3.0,1.0,2.0
399.0,88.0,45.0,2.0,1.0,1.0
399.0,107.0,45.0,2.0,1.0,1.0
399.0,88.0,45.0,2.0,1.0,1.0
610.0,167.0,130.0,3.0,1.0,1.0
399.0,107.0,45.0,2.0,1.0,1.0
645.0,93.0,60.0,3.0,1.0,1.0
399.0,88.0,45.0,2.0,1.0,1.0
3550.0,290.0,135.0,5.0,5.0,1.0
645.0,93.0,60.0,3.0,1.0,1.0
1100.0,112.0,85.0,2.0,2.0,1.0
399.0,80.0,45.0,2.0,1.0,1.0
399.0,94.0,45.0,2.0,1.0,1.0
399.0,80.0,45.0,2.0,1.0,1.0
2500.0,290.0,200.0,6.0,5.0,1.0
399.0,80.0,45.0,2.0,1.0,1.0
615.0,167.0,130.0,3.0,1.0,1.0
600.0,120.0,53.0,2.0,2.0,1.0
600.0,120.0,53.0,2.0,2.0,1.0
3800.0,290.0,280.0,3.0,5.0,2.0
700.0,108.0,85.0,3.0,1.0,1.0
700.0,108.0,85.0,3.0,1.0,1.0
500.0,112.0,48.0,2.0,2.0,1.0
550.0,102.0,45.0,2.0,1.0,1.0
399.0,88.0,45.0,2.0,1.0,1.0
2700.0,110.0,160.0,3.0,4.0,1.0
2990.0,200.0,210.0,4.0,4.0,1.0
3200.0,204.0,200.0,4.0,4.0,2.0
399.0,88.0,45.0,2.0,1.0,1.0
399.0,88.0,45.0,2.0,1.0,1.0
445.0,83.0,50.0,3.0,2.0,1.0
399.0,80.0,45.0,2.0,1.0,1.0
399.0,80.0,45.0,2.0,1.0,1.0
3500.0,290.0,280.0,5.0,4.0,2.0
3500.0,290.0,280.0,5.0,4.0,2.0
645.0,93.0,60.0,3.0,1.0,1.0
3800.0,193.0,280.0,4.0,5.0,2.0
3800.0,290.0,280.0,6.0,5.0,2.0
3800.0,282.0,280.0,6.0,5.0,2.0
3800.0,290.0,250.0,4.0,3.0,1.0
550.0,95.0,70.0,3.0,2.0,1.0
3500.0,290.0,280.0,5.0,3.0,2.0
765.0,118.0,80.0,3.0,2.0,1.0
1470.0,178.0,131.0,4.0,3.0,1.0
730.0,100.0,80.0,3.0,2.0,1.0
1490.0,126.0,170.0,4.0,3.0,1.0
498.0,90.0,65.0,3.0,2.0,1.0
775.0,145.0,80.0,3.0,2.0,1.0
1750.0,162.0,160.0,4.0,3.0,1.0
1470.0,178.0,131.0,4.0,4.0,2.0
835.0,93.0,75.0,3.0,1.0,1.0
2500.0,123.0,200.0,4.0,3.0,2.0
2750.0,150.0,190.0,4.0,4.0,1.0
3090.0,279.0,280.0,4.0,3.0,1.0
2200.0,139.0,125.0,3.0,3.0,2.0
850.0,99.0,70.0,3.0,1.0,1.0
700.0,108.0,85.0,3.0,1.0,1.0
3800.0,184.0,280.0,4.0,3.0,1.0
645.0,93.0,60.0,3.0,1.0,1.0
1150.0,93.0,65.0,2.0,1.0,1.0
1500.0,100.0,150.0,6.0,5.0,1.0
3800.0,290.0,280.0,6.0,5.0,2.0
3800.0,290.0,280.0,6.0,4.0,2.0
450.0,80.0,70.0,5.0,2.0,1.0
990.0,120.0,120.0,3.0,2.0,1.0
897.0,107.0,91.0,3.0,2.0,1.0
3800.0,290.0,280.0,6.0,4.0,2.0
3800.0,193.0,280.0,4.0,4.0,1.0
700.0,108.0,85.0,3.0,1.0,1.0
700.0,108.0,85.0,3.0,1.0,1.0
835.0,102.0,65.0,3.0,2.0,1.0
3800.0,203.0,280.0,6.0,5.0,2.0
1650.0,290.0,250.0,3.0,2.0,1.0
1450.0,125.0,156.0,5.0,3.0,2.0
550.0,100.0,50.0,2.0,1.0,1.0
3800.0,290.0,280.0,5.0,4.0,2.0
835.0,95.0,75.0,3.0,1.0,1.0
410.0,88.0,50.0,2.0,1.0,1.0
689.0,120.0,75.0,3.0,2.0,1.0
1170.0,115.0,90.0,3.0,2.0,1.0
765.0,145.0,85.0,3.0,2.0,1.0
730.0,100.0,80.0,3.0,2.0,1.0
1970.0,166.0,180.0,5.0,5.0,2.0
1940.0,150.0,110.0,3.0,2.0,2.0
1380.0,107.0,100.0,3.0,2.0,2.0
875.0,107.0,280.0,3.0,2.0,1.0
585.0,81.0,81.0,3.0,2.0,1.0
825.0,120.0,80.0,3.0,2.0,1.0
1600.0,122.0,200.0,3.0,3.0,1.0
760.0,107.0,100.0,3.0,2.0,1.0
685.0,98.0,75.0,3.0,2.0,1.0
1850.0,116.0,115.0,3.0,2.0,2.0
3800.0,203.0,280.0,6.0,5.0,2.0
475.0,90.0,50.0,2.0,1.0,1.0
3800.0,290.0,280.0,6.0,3.0,2.0
399.0,80.0,45.0,2.0,1.0,1.0
550.0,125.0,45.0,2.0,1.0,1.0
399.0,80.0,45.0,2.0,1.0,1.0
3800.0,290.0,280.0,6.0,5.0,2.0
910.0,106.0,160.0,4.0,2.0,1.0
3800.0,290.0,280.0,6.0,5.0,2.0
3800.0,180.0,220.0,5.0,4.0,1.0
3800.0,290.0,280.0,6.0,5.0,2.0
2500.0,290.0,200.0,6.0,3.0,1.0
2400.0,238.0,75.0,3.0,2.0,1.0
1900.0,250.0,210.0,5.0,1.0,1.0
1300.0,134.0,80.0,2.0,2.0,1.0
1300.0,144.0,200.0,4.0,3.0,1.0
850.0,105.0,50.0,2.0,1.0,1.0
890.0,85.0,70.0,3.0,2.0,1.0
399.0,80.0,45.0,2.0,1.0,1.0
699.0,99.0,60.0,3.0,1.0,1.0
555.0,105.0,65.0,3.0,2.0,2.0
680.0,97.0,65.0,3.0,1.0,1.0
950.0,90.0,62.0,4.0,4.0,1.0
3800.0,290.0,262.0,6.0,4.0,1.0
675.0,85.0,45.0,2.0,1.0,1.0
765.0,118.0,80.0,3.0,2.0,1.0
756.0,104.0,60.0,3.0,2.0,2.0
1940.0,150.0,110.0,3.0,2.0,2.0
519.0,90.0,50.0,2.0,1.0,1.0
945.0,137.0,100.0,3.0,2.0,1.0
3800.0,235.0,280.0,6.0,5.0,2.0
2280.0,182.0,135.0,4.0,3.0,2.0
495.0,80.0,85.0,2.0,1.0,1.0
2980.0,179.0,211.0,6.0,5.0,1.0
475.0,80.0,45.0,2.0,1.0,1.0
1600.0,290.0,130.0,4.0,4.0,1.0
2880.0,208.0,207.0,6.0,5.0,1.0
2880.0,208.0,207.0,6.0,5.0,1.0
2000.0,254.0,280.0,6.0,5.0,2.0
999.0,103.0,100.0,3.0,3.0,1.0
1270.0,91.0,100.0,3.0,2.0,1.0
645.0,93.0,60.0,3.0,1.0,1.0
399.0,80.0,45.0,2.0,1.0,2.0
1270.0,91.0,100.0,3.0,2.0,1.0
1270.0,91.0,103.0,3.0,2.0,1.0
1270.0,91.0,100.0,3.0,3.0,1.0
399.0,80.0,45.0,2.0,1.0,1.0
2110.0,110.0,107.0,3.0,2.0,1.0
3800.0,204.0,142.0,3.0,3.0,2.0
3230.0,153.0,135.0,3.0,3.0,2.0
3500.0,220.0,250.0,6.0,5.0,1.0
3500.0,290.0,280.0,2.0,3.0,1.0
3100.0,290.0,191.0,6.0,5.0,2.0
775.0,136.0,90.0,3.0,2.0,2.0
450.0,82.0,50.0,2.0,1.0,1.0
825.0,163.0,90.0,3.0,2.0,1.0
1450.0,110.0,129.0,3.0,3.0,1.0
885.0,142.0,110.0,4.0,2.0,2.0
2300.0,130.0,220.0,4.0,3.0,1.0
1820.0,140.0,158.0,3.0,2.0,1.0
775.0,118.0,100.0,2.0,2.0,1.0
690.0,80.0,60.0,3.0,2.0,2.0
399.0,80.0,45.0,2.0,1.0,2.0
1650.0,130.0,130.0,3.0,3.0,1.0
399.0,80.0,45.0,2.0,2.0,1.0
2300.0,130.0,220.0,4.0,3.0,1.0
3800.0,290.0,190.0,3.0,4.0,2.0
2300.0,120.0,220.0,4.0,3.0,1.0
399.0,132.0,45.0,2.0,1.0,1.0
470.0,120.0,45.0,2.0,1.0,1.0
399.0,80.0,45.0,2.0,1.0,1.0
399.0,80.0,45.0,2.0,1.0,1.0
700.0,108.0,85.0,3.0,1.0,1.0
490.0,84.0,45.0,2.0,1.0,1.0
490.0,84.0,45.0,2.0,1.0,1.0
897.0,107.0,91.0,3.0,2.0,1.0
765.0,118.0,80.0,3.0,1.0,2.0
475.0,80.0,60.0,2.0,1.0,2.0
470.0,90.0,53.0,2.0,1.0,1.0
1000.0,135.0,180.0,3.0,4.0,2.0
399.0,80.0,45.0,2.0,1.0,2.0
399.0,129.0,50.0,2.0,1.0,1.0
407.0,108.0,45.0,2.0,1.0,1.0
407.0,108.0,45.0,2.0,1.0,1.0
1100.0,165.0,100.0,2.0,1.0,1.0
399.0,80.0,45.0,2.0,1.0,1.0
1500.0,138.0,138.0,6.0,4.0,1.0
3800.0,290.0,280.0,6.0,4.0,2.0
875.0,91.0,95.0,5.0,3.0,1.0
875.0,85.0,70.0,3.0,2.0,1.0
875.0,90.0,64.0,3.0,1.0,1.0
680.0,91.0,51.0,2.0,2.0,2.0
845.0,164.0,90.0,3.0,2.0,1.0
2110.0,110.0,107.0,3.0,2.0,1.0
3800.0,204.0,142.0,3.0,3.0,2.0
3230.0,153.0,135.0,3.0,3.0,2.0
410.0,88.0,50.0,2.0,1.0,1.0
399.0,80.0,45.0,2.0,1.0,1.0
440.0,88.0,50.0,2.0,1.0,1.0
1170.0,115.0,90.0,3.0,2.0,1.0
3000.0,290.0,226.0,6.0,5.0,1.0
670.0,136.0,80.0,3.0,2.0,1.0
2000.0,125.0,180.0,3.0,3.0,1.0
550.0,80.0,101.0,3.0,1.0,2.0
1250.0,180.0,90.0,3.0,2.0,2.0
559.0,84.0,46.0,2.0,1.0,1.0
550.0,85.0,45.0,2.0,1.0,1.0
1950.0,116.0,115.0,3.0,2.0,2.0
550.0,85.0,45.0,2.0,1.0,1.0
675.0,82.0,160.0,2.0,2.0,1.0
1600.0,92.0,97.0,3.0,3.0,1.0
999.0,103.0,100.0,3.0,3.0,1.0
399.0,81.0,45.0,2.0,1.0,1.0
450.0,80.0,50.0,2.0,1.0,1.0
399.0,80.0,45.0,2.0,1.0,1.0
485.0,80.0,50.0,2.0,1.0,1.0
640.0,91.0,50.0,2.0,1.0,1.0
485.0,80.0,50.0,2.0,1.0,1.0
3800.0,290.0,241.0,6.0,5.0,2.0
849.0,111.0,60.0,3.0,2.0,1.0
415.0,80.0,45.0,2.0,1.0,1.0
415.0,80.0,45.0,2.0,1.0,1.0
1400.0,290.0,140.0,4.0,4.0,1.0
545.0,85.0,45.0,2.0,1.0,1.0
545.0,85.0,45.0,2.0,1.0,1.0
3800.0,268.0,178.0,4.0,4.0,2.0
698.0,106.0,55.0,2.0,1.0,1.0
698.0,106.0,55.0,2.0,1.0,1.0
650.0,100.0,45.0,3.0,1.0,1.0
720.0,87.0,80.0,3.0,2.0,1.0
720.0,87.0,80.0,3.0,2.0,1.0
850.0,125.0,52.0,2.0,1.0,1.0
399.0,104.0,50.0,2.0,1.0,1.0
775.0,145.0,70.0,3.0,2.0,1.0
775.0,145.0,70.0,3.0,2.0,1.0
3800.0,290.0,280.0,6.0,5.0,2.0
1420.0,144.0,250.0,5.0,4.0,1.0
560.0,82.0,45.0,3.0,1.0,1.0
1500.0,158.0,220.0,5.0,3.0,1.0
450.0,80.0,103.0,2.0,2.0,1.0
480.0,108.0,45.0,2.0,1.0,1.0
2500.0,123.0,200.0,5.0,3.0,1.0
2530.0,178.0,130.0,5.0,4.0,1.0
575.0,100.0,80.0,2.0,2.0,1.0
756.0,110.0,70.0,3.0,2.0,1.0
730.0,100.0,80.0,3.0,2.0,1.0
765.0,103.0,70.0,3.0,2.0,1.0
2000.0,120.0,100.0,3.0,2.0,1.0
650.0,80.0,70.0,3.0,2.0,1.0
580.0,80.0,45.0,2.0,1.0,1.0
961.0,107.0,80.0,3.0,3.0,1.0
800.0,154.0,60.0,3.0,2.0,1.0
756.0,95.0,57.0,3.0,1.0,2.0
775.0,113.0,85.0,3.0,2.0,1.0
689.0,120.0,75.0,3.0,2.0,2.0
875.0,122.0,110.0,4.0,2.0,1.0
880.0,104.0,100.0,3.0,2.0,1.0
775.0,80.0,50.0,2.0,1.0,1.0
449.0,82.0,45.0,2.0,1.0,1.0
1350.0,100.0,90.0,3.0,3.0,2.0
1150.0,130.0,90.0,3.0,2.0,1.0
1400.0,90.0,90.0,6.0,4.0,2.0
3800.0,290.0,280.0,6.0,5.0,2.0
3800.0,290.0,280.0,5.0,4.0,2.0
3800.0,290.0,280.0,6.0,5.0,2.0
550.0,88.0,45.0,3.0,2.0,1.0
450.0,81.0,45.0,2.0,1.0,1.0
580.0,126.0,75.0,3.0,2.0,1.0
1850.0,116.0,115.0,3.0,2.0,2.0
2530.0,178.0,130.0,5.0,4.0,1.0
2200.0,135.0,125.0,3.0,3.0,1.0
1950.0,128.0,188.0,3.0,3.0,1.0
445.0,83.0,50.0,3.0,2.0,1.0
775.0,145.0,70.0,3.0,2.0,1.0
799.0,111.0,60.0,3.0,2.0,1.0
1950.0,128.0,118.0,3.0,3.0,1.0
1790.0,119.0,160.0,4.0,3.0,1.0
1950.0,128.0,188.0,3.0,3.0,1.0
2500.0,123.0,200.0,4.0,3.0,1.0
1500.0,121.0,170.0,5.0,4.0,1.0
1500.0,112.0,80.0,3.0,2.0,1.0
765.0,120.0,82.0,3.0,2.0,1.0
2300.0,121.0,162.0,6.0,5.0,1.0
850.0,98.0,100.0,3.0,2.0,1.0
1500.0,121.0,170.0,5.0,4.0,1.0
594.0,80.0,45.0,2.0,1.0,1.0
1500.0,112.0,80.0,3.0,2.0,1.0
454.0,112.0,45.0,2.0,1.0,2.0
1400.0,174.0,150.0,3.0,2.0,1.0
1350.0,103.0,100.0,3.0,1.0,1.0
1100.0,160.0,150.0,3.0,2.0,1.0
399.0,80.0,45.0,2.0,1.0,2.0
1350.0,103.0,100.0,3.0,2.0,1.0
645.0,93.0,60.0,3.0,2.0,1.0
594.0,80.0,45.0,2.0,1.0,1.0
1850.0,150.0,110.0,3.0,3.0,2.0
910.0,106.0,160.0,4.0,2.0,1.0
1500.0,135.0,75.0,3.0,2.0,1.0
1300.0,135.0,130.0,2.0,1.0,1.0
1350.0,99.0,198.0,5.0,3.0,1.0
1500.0,132.0,250.0,5.0,4.0,1.0
1300.0,122.0,170.0,5.0,3.0,1.0
1250.0,133.0,120.0,3.0,2.0,1.0
1300.0,170.0,200.0,5.0,2.0,1.0
1400.0,113.0,120.0,3.0,2.0,2.0
1300.0,150.0,220.0,5.0,3.0,1.0
1100.0,150.0,66.0,2.0,1.0,1.0
1290.0,109.0,100.0,4.0,3.0,1.0
850.0,265.0,150.0,2.0,1.0,2.0
399.0,80.0,45.0,2.0,1.0,1.0
399.0,80.0,45.0,2.0,1.0,1.0
3800.0,290.0,280.0,6.0,5.0,1.0
1100.0,110.0,85.0,3.0,1.0,2.0
500.0,88.0,55.0,2.0,1.0,1.0
1300.0,140.0,114.0,3.0,2.0,1.0
675.0,125.0,65.0,3.0,2.0,1.0
675.0,125.0,65.0,3.0,2.0,1.0
1950.0,128.0,188.0,3.0,3.0,1.0
675.0,125.0,65.0,3.0,2.0,1.0
520.0,90.0,50.0,2.0,1.0,1.0
889.0,85.0,70.0,3.0,2.0,1.0
650.0,108.0,45.0,2.0,1.0,1.0
1970.0,166.0,180.0,5.0,5.0,2.0
675.0,125.0,65.0,3.0,2.0,1.0
1970.0,166.0,150.0,5.0,5.0,2.0
1970.0,166.0,150.0,5.0,5.0,2.0
1970.0,166.0,150.0,5.0,5.0,2.0
1970.0,166.0,150.0,5.0,5.0,2.0
450.0,83.0,50.0,2.0,1.0,1.0
674.0,125.0,65.0,3.0,2.0,2.0
1450.0,110.0,129.0,3.0,3.0,1.0
2200.0,290.0,55.0,4.0,3.0,2.0
450.0,83.0,50.0,2.0,1.0,1.0
825.0,163.0,90.0,3.0,2.0,1.0
2800.0,181.0,197.0,5.0,4.0,1.0
1250.0,99.0,105.0,4.0,3.0,2.0
2200.0,230.0,190.0,6.0,5.0,1.0
2990.0,110.0,146.0,4.0,4.0,1.0
399.0,83.0,45.0,2.0,1.0,1.0
399.0,83.0,45.0,2.0,1.0,1.0
725.0,114.0,71.0,2.0,1.0,1.0
558.0,80.0,48.0,3.0,2.0,1.0
1450.0,100.0,100.0,3.0,3.0,1.0
558.0,80.0,48.0,3.0,2.0,1.0
735.0,105.0,70.0,3.0,2.0,1.0
2130.0,111.0,107.0,3.0,2.0,1.0
3800.0,260.0,142.0,3.0,3.0,2.0
3370.0,166.0,135.0,3.0,3.0,2.0
698.0,120.0,75.0,3.0,2.0,2.0
2240.0,230.0,190.0,6.0,5.0,2.0
1850.0,122.0,180.0,5.0,3.0,1.0
950.0,141.0,150.0,3.0,2.0,1.0
399.0,80.0,45.0,2.0,1.0,1.0
747.0,80.0,119.0,3.0,2.0,1.0
667.0,100.0,47.0,2.0,1.0,1.0
1770.0,157.0,189.0,3.0,3.0,1.0
850.0,107.0,70.0,3.0,2.0,1.0
884.0,142.0,110.0,4.0,2.0,2.0
399.0,290.0,140.0,6.0,2.0,1.0
775.0,113.0,85.0,3.0,2.0,1.0
775.0,113.0,85.0,3.0,2.0,1.0
2200.0,139.0,125.0,3.0,3.0,2.0
2210.0,230.0,190.0,6.0,5.0,2.0
1380.0,107.0,100.0,3.0,2.0,1.0
1920.0,150.0,110.0,3.0,3.0,2.0
1310.0,101.0,110.0,4.0,2.0,1.0
399.0,80.0,45.0,2.0,1.0,1.0
756.0,104.0,60.0,3.0,1.0,2.0
2200.0,139.0,125.0,3.0,3.0,2.0
2200.0,139.0,125.0,3.0,3.0,2.0
775.0,113.0,85.0,3.0,2.0,2.0
2500.0,123.0,200.0,4.0,3.0,1.0
950.0,90.0,62.0,4.0,4.0,1.0
2500.0,123.0,200.0,4.0,3.0,1.0
2100.0,120.0,185.0,3.0,3.0,1.0
550.0,104.0,100.0,3.0,1.0,1.0
3800.0,235.0,280.0,6.0,5.0,1.0
715.0,92.0,55.0,2.0,2.0,1.0
715.0,92.0,55.0,2.0,2.0,1.0
3800.0,290.0,280.0,5.0,5.0,2.0
1600.0,143.0,200.0,5.0,4.0,2.0
556.0,84.0,46.0,2.0,1.0,1.0
920.0,107.0,121.0,3.0,3.0,1.0
1650.0,130.0,130.0,3.0,3.0,2.0
1480.0,125.0,100.0,3.0,2.0,1.0
2360.0,141.0,120.0,4.0,3.0,1.0
920.0,107.0,121.0,3.0,3.0,1.0
475.0,80.0,45.0,2.0,1.0,1.0
3800.0,290.0,280.0,4.0,4.0,2.0
399.0,80.0,45.0,2.0,1.0,1.0
399.0,80.0,45.0,2.0,1.0,1.0
890.0,85.0,70.0,3.0,2.0,1.0
470.0,90.0,53.0,2.0,1.0,1.0
470.0,90.0,53.0,2.0,1.0,1.0
1950.0,128.0,188.0,3.0,3.0,1.0
775.0,80.0,78.0,3.0,2.0,2.0
885.0,145.0,110.0,4.0,2.0,2.0
885.0,142.0,110.0,4.0,2.0,2.0
2200.0,139.0,125.0,3.0,3.0,2.0
2200.0,139.0,125.0,3.0,3.0,2.0
757.0,95.0,60.0,2.0,1.0,1.0
2500.0,123.0,200.0,4.0,3.0,1.0
3800.0,290.0,262.0,6.0,4.0,2.0
750.0,100.0,74.0,2.0,2.0,1.0
2500.0,123.0,200.0,4.0,3.0,1.0
1790.0,140.0,280.0,4.0,5.0,2.0
3800.0,290.0,144.0,5.0,4.0,2.0
900.0,207.0,150.0,3.0,2.0,1.0
3800.0,221.0,280.0,6.0,5.0,1.0
961.0,107.0,80.0,3.0,3.0,2.0
1350.0,106.0,90.0,3.0,3.0,2.0
3800.0,288.0,280.0,6.0,5.0,2.0
2350.0,130.0,155.0,3.0,4.0,2.0
1600.0,97.0,97.0,3.0,3.0,1.0
475.0,101.0,70.0,3.0,2.0,1.0
535.0,100.0,60.0,3.0,2.0,1.0
465.0,147.0,54.0,3.0,1.0,2.0
950.0,141.0,150.0,3.0,2.0,1.0
399.0,97.0,45.0,2.0,1.0,1.0
465.0,147.0,54.0,3.0,1.0,1.0
399.0,80.0,45.0,2.0,1.0,1.0
399.0,88.0,45.0,2.0,1.0,1.0
399.0,88.0,45.0,2.0,1.0,1.0
593.0,91.0,45.0,2.0,1.0,1.0
1500.0,112.0,130.0,3.0,2.0,2.0
399.0,107.0,45.0,2.0,1.0,1.0
1500.0,120.0,150.0,4.0,3.0,2.0
3800.0,290.0,280.0,6.0,5.0,1.0
3800.0,290.0,280.0,6.0,5.0,2.0
495.0,107.0,45.0,2.0,1.0,1.0
2400.0,199.0,120.0,3.0,3.0,1.0
1700.0,148.0,180.0,5.0,4.0,1.0
1850.0,220.0,250.0,4.0,4.0,1.0
3800.0,290.0,280.0,6.0,5.0,2.0
3800.0,290.0,250.0,6.0,3.0,2.0
1100.0,180.0,120.0,3.0,2.0,1.0
3800.0,175.0,248.0,6.0,4.0,1.0
2000.0,165.0,250.0,6.0,4.0,2.0
520.0,85.0,45.0,3.0,1.0,1.0
650.0,96.0,60.0,3.0,2.0,1.0
595.0,93.0,60.0,3.0,1.0,1.0
1300.0,181.0,150.0,4.0,2.0,1.0
750.0,103.0,61.0,3.0,1.0,1.0
775.0,145.0,70.0,3.0,2.0,1.0
675.0,125.0,65.0,3.0,2.0,1.0
1850.0,116.0,115.0,3.0,2.0,2.0
698.0,106.0,55.0,2.0,1.0,1.0
835.0,102.0,65.0,3.0,2.0,1.0
835.0,102.0,65.0,3.0,2.0,1.0
735.0,105.0,70.0,3.0,2.0,1.0
735.0,105.0,70.0,3.0,2.0,1.0
900.0,95.0,110.0,4.0,5.0,1.0
799.0,111.0,60.0,3.0,2.0,1.0
799.0,111.0,60.0,3.0,2.0,1.0
580.0,151.0,54.0,2.0,1.0,1.0
698.0,106.0,55.0,2.0,1.0,1.0
698.0,106.0,55.0,2.0,1.0,1.0
720.0,87.0,80.0,3.0,2.0,1.0
720.0,87.0,80.0,3.0,2.0,1.0
500.0,104.0,80.0,3.0,2.0,1.0
500.0,104.0,80.0,3.0,2.0,1.0
1300.0,290.0,250.0,3.0,3.0,1.0
1500.0,115.0,156.0,5.0,3.0,2.0
1500.0,115.0,156.0,5.0,3.0,2.0
399.0,80.0,45.0,2.0,1.0,1.0
1500.0,195.0,85.0,2.0,2.0,2.0
720.0,91.0,50.0,2.0,1.0,2.0
1490.0,126.0,170.0,5.0,4.0,2.0
720.0,91.0,50.0,2.0,1.0,2.0
835.0,95.0,75.0,3.0,1.0,1.0
1850.0,116.0,115.0,3.0,2.0,2.0
756.0,95.0,57.0,2.0,1.0,2.0
756.0,95.0,57.0,2.0,1.0,2.0
2300.0,182.0,135.0,4.0,4.0,2.0
3800.0,235.0,280.0,6.0,5.0,2.0
3800.0,235.0,280.0,6.0,5.0,2.0
399.0,80.0,45.0,2.0,1.0,1.0
399.0,80.0,45.0,2.0,1.0,1.0
666.0,87.0,55.0,2.0,1.0,1.0
2200.0,174.0,100.0,2.0,2.0,1.0
950.0,141.0,150.0,3.0,2.0,1.0
680.0,97.0,65.0,3.0,1.0,1.0
1470.0,178.0,131.0,3.0,3.0,1.0
399.0,90.0,45.0,2.0,1.0,1.0
2000.0,290.0,280.0,5.0,3.0,1.0
1800.0,290.0,250.0,3.0,3.0,1.0
399.0,88.0,45.0,2.0,1.0,1.0
3800.0,290.0,280.0,5.0,4.0,2.0
399.0,88.0,45.0,2.0,1.0,1.0
3000.0,243.0,250.0,4.0,4.0,1.0
3800.0,183.0,104.0,3.0,3.0,1.0
1770.0,121.0,150.0,3.0,3.0,1.0
399.0,80.0,100.0,2.0,1.0,1.0
3800.0,222.0,280.0,4.0,5.0,2.0
750.0,185.0,77.0,3.0,2.0,2.0
535.0,100.0,60.0,3.0,2.0,1.0
2600.0,203.0,250.0,6.0,5.0,2.0
1950.0,128.0,188.0,3.0,4.0,1.0
399.0,80.0,45.0,2.0,1.0,1.0
799.0,111.0,60.0,3.0,2.0,1.0
399.0,80.0,45.0,2.0,1.0,1.0
399.0,80.0,45.0,2.0,1.0,1.0
592.0,90.0,45.0,2.0,1.0,1.0
399.0,88.0,45.0,2.0,1.0,1.0
1900.0,290.0,210.0,4.0,2.0,1.0
1950.0,290.0,125.0,4.0,2.0,2.0
1260.0,103.0,90.0,3.0,3.0,2.0
3000.0,200.0,145.0,3.0,3.0,2.0
1500.0,158.0,220.0,5.0,3.0,1.0
1900.0,290.0,280.0,6.0,4.0,2.0
850.0,112.0,95.0,3.0,2.0,1.0
3800.0,290.0,280.0,6.0,5.0,1.0
725.0,114.0,71.0,2.0,1.0,1.0
1970.0,166.0,180.0,5.0,5.0,2.0
499.0,120.0,45.0,2.0,1.0,1.0
1650.0,103.0,160.0,4.0,3.0,2.0
890.0,85.0,45.0,3.0,2.0,1.0
1270.0,91.0,100.0,3.0,2.0,2.0
725.0,80.0,114.0,3.0,2.0,1.0
1900.0,180.0,66.0,2.0,1.0,1.0
1700.0,100.0,135.0,3.0,3.0,2.0
1400.0,120.0,90.0,3.0,1.0,1.0
2150.0,238.0,280.0,6.0,5.0,2.0
1450.0,80.0,100.0,3.0,2.0,2.0
756.0,104.0,60.0,3.0,2.0,2.0
735.0,80.0,105.0,3.0,2.0,1.0
640.0,95.0,50.0,2.0,1.0,1.0
820.0,109.0,70.0,3.0,2.0,1.0
999.0,100.0,103.0,3.0,3.0,1.0
399.0,88.0,45.0,2.0,1.0,1.0
885.0,142.0,110.0,4.0,2.0,2.0
2500.0,150.0,200.0,6.0,5.0,1.0
3500.0,290.0,280.0,6.0,5.0,2.0
789.0,93.0,45.0,2.0,1.0,1.0
775.0,132.0,90.0,3.0,2.0,2.0
450.0,82.0,50.0,2.0,1.0,1.0
1850.0,149.0,220.0,4.0,3.0,1.0
1450.0,110.0,129.0,3.0,3.0,1.0
445.0,83.0,50.0,3.0,2.0,1.0
699.0,117.0,85.0,3.0,2.0,2.0
445.0,83.0,50.0,3.0,2.0,1.0
450.0,83.0,50.0,2.0,1.0,1.0
999.0,137.0,100.0,3.0,2.0,2.0
1820.0,140.0,158.0,3.0,3.0,1.0
689.0,235.0,280.0,6.0,5.0,2.0
668.0,120.0,75.0,3.0,2.0,2.0
599.0,90.0,45.0,2.0,1.0,1.0
1850.0,290.0,280.0,3.0,3.0,2.0
775.0,145.0,80.0,3.0,2.0,2.0
2490.0,123.0,200.0,3.0,3.0,2.0
3800.0,290.0,280.0,5.0,5.0,2.0
750.0,99.0,60.0,2.0,2.0,1.0
1650.0,130.0,130.0,3.0,3.0,1.0
999.0,103.0,100.0,4.0,4.0,1.0
849.0,120.0,85.0,3.0,2.0,2.0
595.0,103.0,50.0,3.0,1.0,2.0
3800.0,290.0,280.0,6.0,5.0,2.0
595.0,103.0,50.0,3.0,1.0,2.0
1400.0,150.0,200.0,4.0,2.0,1.0
3300.0,275.0,280.0,6.0,5.0,2.0
1540.0,120.0,200.0,4.0,4.0,2.0
775.0,113.0,85.0,3.0,2.0,2.0
1650.0,113.0,200.0,4.0,3.0,1.0
775.0,113.0,85.0,3.0,2.0,2.0
1400.0,290.0,140.0,4.0,4.0,2.0
2100.0,121.0,162.0,6.0,5.0,1.0
1450.0,100.0,85.0,3.0,2.0,2.0
1450.0,100.0,85.0,3.0,2.0,2.0
3800.0,290.0,258.0,5.0,5.0,2.0
450.0,103.0,45.0,2.0,1.0,2.0
3800.0,290.0,280.0,6.0,2.0,2.0
895.0,85.0,70.0,3.0,2.0,1.0
3800.0,290.0,280.0,2.0,2.0,2.0
2290.0,130.0,90.0,3.0,2.0,2.0
1250.0,110.0,110.0,3.0,3.0,1.0
562.0,80.0,92.0,2.0,1.0,1.0
725.0,114.0,71.0,3.0,2.0,2.0
3800.0,290.0,280.0,6.0,3.0,2.0
3800.0,290.0,280.0,6.0,3.0,2.0
700.0,94.0,45.0,2.0,1.0,1.0
2300.0,123.0,160.0,3.0,3.0,1.0
3800.0,110.0,280.0,6.0,5.0,1.0
1900.0,198.0,190.0,2.0,1.0,1.0
1820.0,140.0,158.0,3.0,2.0,1.0
1250.0,108.0,180.0,4.0,3.0,1.0
675.0,108.0,60.0,3.0,2.0,1.0
1200.0,290.0,127.0,3.0,2.0,1.0
1250.0,145.0,220.0,5.0,3.0,1.0
1900.0,162.0,120.0,4.0,2.0,2.0
3500.0,290.0,280.0,3.0,3.0,1.0
2000.0,158.0,200.0,3.0,5.0,1.0
1980.0,175.0,180.0,5.0,3.0,2.0
399.0,80.0,45.0,2.0,1.0,1.0
3100.0,290.0,280.0,4.0,4.0,2.0
3500.0,290.0,275.0,2.0,3.0,2.0
1470.0,175.0,150.0,3.0,2.0,1.0
3800.0,290.0,280.0,4.0,4.0,2.0
399.0,80.0,45.0,2.0,1.0,1.0
2950.0,139.0,250.0,6.0,5.0,2.0
880.0,104.0,100.0,3.0,2.0,1.0
3800.0,290.0,280.0,6.0,5.0,1.0
399.0,80.0,45.0,2.0,1.0,1.0
3800.0,289.0,280.0,4.0,3.0,2.0
3500.0,190.0,280.0,6.0,4.0,2.0
3800.0,273.0,280.0,6.0,5.0,2.0
850.0,143.0,70.0,2.0,1.0,1.0
430.0,81.0,45.0,2.0,1.0,2.0
500.0,80.0,45.0,2.0,1.0,1.0
2200.0,139.0,125.0,3.0,3.0,2.0
399.0,80.0,45.0,2.0,1.0,1.0
440.0,88.0,50.0,2.0,1.0,1.0
399.0,106.0,47.0,2.0,1.0,1.0
407.0,80.0,45.0,2.0,1.0,1.0
399.0,80.0,45.0,2.0,1.0,1.0
750.0,103.0,61.0,3.0,1.0,1.0
2200.0,139.0,125.0,3.0,3.0,1.0
399.0,80.0,45.0,2.0,1.0,1.0
1520.0,99.0,150.0,4.0,2.0,2.0
399.0,80.0,45.0,2.0,1.0,1.0
1500.0,158.0,220.0,5.0,3.0,1.0
1500.0,135.0,220.0,5.0,3.0,1.0
520.0,90.0,50.0,2.0,1.0,1.0
1700.0,144.0,200.0,5.0,3.0,1.0
3200.0,204.0,200.0,4.0,4.0,1.0
1700.0,114.0,114.0,2.0,1.0,2.0
1700.0,144.0,200.0,5.0,3.0,1.0
1950.0,166.0,150.0,5.0,5.0,2.0
487.0,95.0,61.0,3.0,1.0,1.0
999.0,145.0,120.0,3.0,1.0,1.0
480.0,92.0,59.0,3.0,1.0,1.0
2600.0,126.0,160.0,3.0,2.0,1.0
532.0,91.0,53.0,3.0,1.0,2.0
2500.0,123.0,200.0,4.0,3.0,1.0
555.0,114.0,53.0,3.0,1.0,2.0
835.0,102.0,65.0,3.0,2.0,1.0
530.0,90.0,53.0,3.0,1.0,2.0
2500.0,265.0,210.0,4.0,4.0,1.0
520.0,90.0,50.0,2.0,1.0,1.0
3800.0,290.0,265.0,4.0,3.0,1.0
399.0,100.0,45.0,2.0,1.0,1.0
735.0,105.0,70.0,3.0,2.0,1.0
1800.0,168.0,140.0,4.0,2.0,1.0
685.0,120.0,77.0,3.0,2.0,1.0
750.0,120.0,85.0,3.0,2.0,1.0
775.0,113.0,85.0,3.0,2.0,2.0
1500.0,158.0,220.0,5.0,3.0,1.0
500.0,90.0,45.0,2.0,2.0,1.0
900.0,195.0,90.0,3.0,2.0,2.0
2500.0,290.0,155.0,4.0,3.0,2.0
2500.0,123.0,200.0,4.0,3.0,1.0
750.0,141.0,200.0,3.0,2.0,2.0
700.0,110.0,64.0,3.0,1.0,1.0
399.0,80.0,72.0,2.0,1.0,1.0
450.0,97.0,50.0,2.0,1.0,2.0
2200.0,139.0,125.0,3.0,3.0,2.0
545.0,117.0,60.0,3.0,1.0,2.0
920.0,105.0,121.0,3.0,3.0,1.0
399.0,80.0,45.0,2.0,1.0,1.0
2200.0,150.0,170.0,3.0,3.0,1.0
1500.0,158.0,250.0,5.0,4.0,1.0
1500.0,150.0,160.0,3.0,4.0,1.0
900.0,171.0,180.0,6.0,5.0,1.0
1200.0,100.0,110.0,3.0,3.0,2.0
3800.0,290.0,190.0,4.0,4.0,2.0
850.0,290.0,280.0,6.0,3.0,2.0
960.0,107.0,80.0,3.0,3.0,2.0
3800.0,277.0,249.0,5.0,5.0,2.0
399.0,290.0,280.0,5.0,5.0,2.0
1200.0,130.0,93.0,3.0,2.0,1.0
1790.0,205.0,200.0,6.0,5.0,2.0
520.0,90.0,50.0,2.0,1.0,1.0
2950.0,200.0,280.0,6.0,5.0,1.0
999.0,103.0,100.0,3.0,3.0,2.0
399.0,80.0,45.0,2.0,1.0,1.0
2100.0,121.0,162.0,6.0,5.0,2.0
783.0,80.0,75.0,3.0,2.0,1.0
3800.0,290.0,150.0,5.0,2.0,1.0
1700.0,144.0,200.0,4.0,2.0,2.0
3300.0,148.0,135.0,3.0,2.0,1.0
3800.0,290.0,120.0,4.0,3.0,2.0
775.0,145.0,80.0,3.0,2.0,1.0
600.0,109.0,80.0,3.0,1.0,1.0
2450.0,175.0,125.0,4.0,4.0,1.0
1100.0,145.0,100.0,3.0,1.0,2.0
1800.0,112.0,150.0,6.0,5.0,2.0
1100.0,150.0,120.0,3.0,2.0,1.0
498.0,90.0,65.0,3.0,2.0,1.0
2500.0,209.0,65.0,2.0,1.0,1.0
495.0,80.0,72.0,2.0,1.0,1.0
592.0,104.0,50.0,2.0,1.0,1.0
3800.0,192.0,280.0,4.0,4.0,2.0
1400.0,150.0,160.0,3.0,4.0,1.0
730.0,100.0,80.0,3.0,2.0,1.0
3800.0,290.0,280.0,6.0,5.0,2.0
885.0,156.0,120.0,2.0,2.0,2.0
1780.0,120.0,160.0,4.0,3.0,2.0
1780.0,120.0,160.0,4.0,3.0,2.0
885.0,156.0,120.0,2.0,2.0,1.0
3800.0,290.0,250.0,4.0,3.0,1.0
3800.0,290.0,280.0,6.0,5.0,2.0
1470.0,178.0,131.0,4.0,3.0,1.0
1400.0,150.0,160.0,3.0,4.0,2.0
399.0,88.0,45.0,2.0,1.0,1.0
2520.0,177.0,130.0,5.0,4.0,1.0
594.0,80.0,45.0,2.0,1.0,1.0
1490.0,126.0,170.0,5.0,4.0,1.0
2850.0,290.0,84.0,5.0,2.0,1.0
3250.0,290.0,80.0,3.0,2.0,1.0
750.0,144.0,60.0,2.0,1.0,1.0
399.0,88.0,45.0,2.0,1.0,1.0
2230.0,230.0,190.0,6.0,5.0,2.0
580.0,100.0,80.0,3.0,2.0,1.0
580.0,100.0,80.0,3.0,2.0,1.0
2530.0,178.0,130.0,5.0,4.0,1.0
1000.0,96.0,54.0,2.0,1.0,1.0
3800.0,290.0,280.0,6.0,5.0,2.0
680.0,97.0,60.0,3.0,1.0,1.0
3200.0,229.0,155.0,5.0,4.0,1.0
950.0,181.0,160.0,3.0,2.0,2.0
2530.0,178.0,130.0,5.0,4.0,1.0
1890.0,150.0,110.0,3.0,3.0,2.0
399.0,80.0,64.0,2.0,1.0,1.0
1970.0,137.0,140.0,3.0,3.0,2.0
743.0,81.0,75.0,3.0,2.0,2.0
571.0,80.0,45.0,2.0,1.0,1.0
610.0,89.0,45.0,2.0,1.0,1.0
591.0,84.0,45.0,2.0,1.0,1.0
580.0,81.0,45.0,2.0,1.0,1.0
565.0,80.0,45.0,2.0,1.0,1.0
850.0,93.0,80.0,2.0,1.0,1.0
622.0,115.0,50.0,2.0,1.0,1.0
399.0,80.0,45.0,2.0,1.0,1.0
910.0,106.0,160.0,4.0,2.0,1.0
3800.0,290.0,280.0,6.0,5.0,2.0
3800.0,180.0,220.0,5.0,4.0,1.0
3800.0,290.0,280.0,6.0,5.0,2.0
2500.0,290.0,200.0,6.0,3.0,1.0
2400.0,238.0,75.0,3.0,2.0,1.0
1900.0,250.0,210.0,5.0,1.0,1.0
1300.0,134.0,80.0,2.0,2.0,1.0
1300.0,144.0,200.0,4.0,3.0,1.0
850.0,105.0,50.0,2.0,1.0,1.0
3800.0,290.0,250.0,4.0,3.0,1.0
485.0,91.0,55.0,3.0,1.0,1.0
2600.0,135.0,200.0,3.0,3.0,1.0
3800.0,290.0,280.0,6.0,4.0,2.0
520.0,90.0,50.0,2.0,1.0,1.0
2110.0,110.0,107.0,3.0,2.0,1.0
3800.0,204.0,142.0,3.0,3.0,2.0
3230.0,153.0,135.0,3.0,3.0,2.0
3800.0,290.0,280.0,4.0,3.0,1.0
549.0,90.0,45.0,2.0,1.0,1.0
1900.0,198.0,190.0,2.0,1.0,1.0
399.0,80.0,45.0,2.0,1.0,1.0
399.0,84.0,45.0,2.0,1.0,1.0
399.0,80.0,45.0,2.0,1.0,1.0
399.0,80.0,45.0,2.0,1.0,1.0
399.0,80.0,45.0,2.0,1.0,1.0
775.0,145.0,70.0,3.0,2.0,1.0
790.0,80.0,70.0,3.0,2.0,1.0
735.0,105.0,70.0,3.0,2.0,1.0
2200.0,139.0,125.0,3.0,3.0,2.0
1250.0,168.0,200.0,4.0,3.0,1.0
765.0,118.0,80.0,3.0,2.0,1.0
1850.0,116.0,115.0,3.0,2.0,2.0
2200.0,125.0,139.0,3.0,3.0,1.0
645.0,93.0,60.0,3.0,1.0,1.0
645.0,93.0,60.0,3.0,1.0,1.0
499.0,120.0,45.0,2.0,1.0,1.0
1780.0,120.0,160.0,5.0,3.0,1.0
3700.0,290.0,270.0,4.0,4.0,1.0
753.0,84.0,75.0,3.0,2.0,2.0
898.0,90.0,65.0,3.0,2.0,1.0
415.0,80.0,45.0,2.0,1.0,1.0
2000.0,133.0,133.0,5.0,3.0,1.0
1500.0,150.0,145.0,4.0,2.0,1.0
2200.0,119.0,114.0,3.0,3.0,1.0
399.0,80.0,80.0,2.0,1.0,1.0
1500.0,150.0,145.0,3.0,3.0,1.0
399.0,80.0,45.0,2.0,1.0,1.0
2000.0,200.0,185.0,3.0,2.0,1.0
3200.0,204.0,200.0,4.0,4.0,1.0
2110.0,110.0,107.0,3.0,2.0,1.0
3800.0,204.0,142.0,3.0,3.0,2.0
3230.0,153.0,135.0,3.0,3.0,2.0
3800.0,80.0,280.0,4.0,2.0,2.0
756.0,95.0,57.0,2.0,1.0,2.0
747.0,89.0,75.0,3.0,2.0,2.0
756.0,95.0,57.0,2.0,1.0,2.0
897.0,107.0,91.0,3.0,2.0,1.0
530.0,90.0,50.0,2.0,1.0,1.0
559.0,85.0,46.0,2.0,1.0,1.0
2900.0,185.0,80.0,3.0,2.0,1.0
520.0,90.0,50.0,2.0,1.0,1.0
737.0,80.0,75.0,3.0,2.0,2.0
728.0,105.0,65.0,2.0,1.0,1.0
562.0,92.0,53.0,2.0,1.0,1.0
743.0,81.0,75.0,3.0,2.0,2.0
728.0,105.0,65.0,2.0,1.0,1.0
1850.0,290.0,250.0,4.0,4.0,2.0
3800.0,290.0,280.0,4.0,4.0,2.0
775.0,132.0,90.0,3.0,2.0,1.0
743.0,81.0,75.0,2.0,1.0,1.0
675.0,121.0,45.0,2.0,1.0,1.0
675.0,121.0,45.0,2.0,1.0,1.0
753.0,84.0,75.0,3.0,2.0,2.0
970.0,145.0,130.0,3.0,1.0,1.0
1970.0,166.0,150.0,5.0,5.0,2.0
2130.0,111.0,107.0,3.0,2.0,1.0
3800.0,260.0,142.0,3.0,3.0,2.0
3370.0,166.0,135.0,3.0,3.0,2.0
450.0,101.0,45.0,2.0,1.0,1.0
450.0,101.0,45.0,2.0,1.0,1.0
1800.0,112.0,152.0,3.0,2.0,2.0
835.0,92.0,75.0,3.0,1.0,2.0
1820.0,140.0,158.0,3.0,3.0,1.0
775.0,113.0,85.0,3.0,2.0,2.0
592.0,90.0,45.0,2.0,1.0,1.0
592.0,90.0,45.0,2.0,1.0,1.0
1200.0,100.0,80.0,3.0,3.0,2.0
775.0,145.0,80.0,3.0,2.0,1.0
549.0,83.0,52.0,3.0,1.0,1.0
1450.0,110.0,129.0,3.0,3.0,1.0
650.0,103.0,60.0,3.0,2.0,1.0
1100.0,142.0,120.0,3.0,1.0,1.0
2000.0,182.0,135.0,4.0,3.0,2.0
2500.0,241.0,280.0,5.0,3.0,1.0
1390.0,103.0,90.0,3.0,2.0,1.0
895.0,112.0,70.0,3.0,2.0,1.0
2500.0,123.0,200.0,4.0,3.0,1.0
2300.0,182.0,135.0,4.0,3.0,2.0
1800.0,290.0,140.0,4.0,5.0,1.0
500.0,104.0,80.0,3.0,2.0,2.0
750.0,89.0,60.0,2.0,1.0,1.0
756.0,140.0,60.0,2.0,1.0,2.0
1780.0,118.0,160.0,4.0,3.0,2.0
2300.0,200.0,180.0,4.0,3.0,1.0
